temperature,mixing_speed,residence_time,feed_composition,moisture,viscosity,purity,color_deviation
82.47,570.89,42.41,0.857,9.288,398.86,98.726,3.554
117.04,657.68,18.62,0.663,7.996,304.75,97.096,6.43
103.92,275.33,53.62,0.762,7.545,533.4,97.651,5.067
95.92,537.41,40.66,0.618,8.186,391.41,99.244,5.924
69.36,500.22,17.86,0.715,12.085,451.81,97.487,5.647
69.36,682.98,58.12,0.57,9.737,334.87,96.377,4.929
63.49,734.26,35.92,0.551,11.709,298.57,97.424,5.266
111.97,108.51,13.64,0.689,8.486,618.79,97.019,6.523
96.07,571.81,41.34,0.649,8.595,364.29,98.269,5.931
102.48,136.29,22.66,0.69,8.859,632.1,98.577,5.611
61.24,484.2,50.18,0.543,10.716,451.0,96.794,5.222
118.19,301.34,50.89,0.583,6.278,501.98,96.518,6.445
109.95,314.74,58.95,0.442,6.604,503.96,96.098,7.956
72.74,347.07,35.09,0.426,10.054,520.78,98.822,6.411
70.91,534.9,32.75,0.527,11.421,417.35,98.549,5.762
71.0,333.83,47.67,0.437,9.323,536.09,97.494,6.25
78.25,612.89,16.62,0.452,10.77,378.79,97.63,6.594
91.49,383.17,37.35,0.806,9.018,496.61,98.777,4.686
85.92,147.85,37.31,0.419,9.552,633.49,99.005,6.552
77.47,648.63,14.47,0.729,11.928,344.17,97.375,4.04
96.71,300.03,30.9,0.536,8.136,528.8,99.154,5.417
68.37,402.94,52.66,0.836,9.945,505.17,97.583,3.534
77.53,579.81,52.81,0.642,8.499,392.72,97.386,5.513
81.98,332.72,14.96,0.553,10.872,534.97,97.765,6.652
87.36,139.61,14.54,0.659,10.59,627.69,97.937,5.998
107.11,361.74,23.13,0.591,9.088,478.49,98.305,6.512
71.98,761.11,53.74,0.682,9.808,296.78,97.734,4.522
90.85,549.21,16.45,0.457,10.464,376.33,97.539,6.912
95.54,570.04,46.0,0.898,8.56,381.19,98.49,4.093
62.79,542.6,15.06,0.613,12.234,423.91,96.458,5.939
96.45,239.29,41.16,0.574,7.835,554.03,98.273,6.196
70.23,392.83,27.8,0.755,11.328,514.62,98.1,5.153
63.9,625.66,49.45,0.582,9.993,367.06,97.115,5.598
116.93,170.96,21.68,0.817,8.324,580.35,97.088,5.636
117.94,294.5,41.96,0.627,10.724,603.08,93.27,9.047
108.5,293.42,21.78,0.76,8.936,532.5,98.797,5.783
78.28,402.41,45.68,0.454,9.398,486.21,98.332,6.377
65.86,786.26,53.68,0.823,10.401,293.88,96.879,3.371
101.05,147.25,16.34,0.768,9.413,617.3,97.6,4.525
86.41,463.09,53.33,0.506,8.555,445.57,97.837,6.227
67.32,225.56,39.68,0.473,10.599,590.69,97.826,6.302
89.71,779.47,16.36,0.558,10.33,252.32,97.523,5.014
62.06,179.31,31.38,0.888,11.362,641.0,97.328,2.997
114.56,382.52,18.04,0.528,7.608,456.77,97.227,6.981
75.53,616.52,45.02,0.628,15.123,506.23,94.751,10.225
99.75,593.19,47.94,0.415,8.038,362.32,98.147,7.007
78.7,395.91,15.29,0.599,11.145,490.97,98.089,6.162
91.2,342.57,35.31,0.686,9.81,501.96,98.971,5.324
92.8,378.33,50.73,0.877,8.195,497.3,98.183,4.191
71.09,284.99,56.81,0.658,10.199,556.82,97.111,4.728
118.18,243.73,35.68,0.81,7.075,533.59,97.893,4.482
106.51,438.13,57.51,0.674,6.396,433.62,97.049,6.578
116.37,287.97,36.78,0.42,7.717,508.28,97.062,8.083
113.69,301.22,29.71,0.558,7.983,517.05,97.715,5.931
95.87,559.73,52.41,0.688,7.867,384.29,97.946,5.309
115.31,777.98,34.65,0.875,7.596,244.68,97.678,4.226
65.31,522.55,33.6,0.83,11.183,426.14,98.087,3.669
71.76,153.89,34.52,0.514,11.019,640.68,98.589,5.992
62.71,152.91,52.34,0.51,9.563,640.79,96.837,6.232
79.52,766.0,51.6,0.501,8.801,280.3,98.3,6.23
83.32,308.1,30.18,0.861,10.476,539.81,98.921,4.392
76.28,164.45,26.66,0.826,10.712,638.04,98.216,4.343
109.72,519.33,34.6,0.787,7.811,394.02,98.343,4.872
81.41,536.55,38.64,0.596,9.196,409.31,99.361,5.982
76.86,553.95,21.92,0.652,11.69,409.36,98.156,5.302
92.56,287.18,49.7,0.632,8.776,556.75,98.401,5.807
68.46,110.58,34.32,0.527,15.163,762.02,94.198,10.315
108.13,775.51,26.7,0.653,8.048,250.82,98.231,5.645
64.47,275.63,15.34,0.415,12.612,572.7,96.648,6.288
119.21,573.22,21.94,0.466,8.299,345.47,96.476,7.426
106.33,594.64,57.46,0.843,7.255,350.17,96.079,3.934
71.92,527.01,25.25,0.776,12.085,423.75,97.934,4.051
60.33,319.04,18.44,0.611,12.066,549.93,96.494,5.525
108.93,289.77,33.03,0.659,7.504,526.45,98.571,5.371
102.41,518.37,25.35,0.585,8.239,390.45,98.415,5.233
103.74,706.27,11.76,0.77,9.521,307.13,97.109,4.778
106.28,762.71,26.16,0.792,8.498,269.12,98.086,3.762
64.44,174.13,37.21,0.782,11.158,638.47,98.027,3.775
81.51,208.38,37.59,0.761,10.152,599.18,99.318,5.232
66.95,761.32,27.83,0.502,11.896,288.84,98.167,5.462
111.79,615.57,32.37,0.569,6.999,337.58,98.134,6.849
97.4,718.1,58.28,0.635,7.246,301.64,96.572,4.818
79.85,241.84,28.87,0.565,10.666,572.48,98.628,5.916
63.81,511.31,22.91,0.777,11.795,432.97,98.017,4.3
78.66,590.8,22.17,0.565,10.449,386.64,98.694,5.009
79.51,576.08,32.89,0.469,10.543,389.24,98.278,6.715
103.78,385.71,47.98,0.6,6.963,463.08,97.9,6.348
98.25,110.78,20.3,0.89,9.271,631.92,98.57,3.71
113.23,508.05,45.46,0.513,6.953,385.69,97.105,6.66
88.33,277.17,11.06,0.706,10.363,545.82,96.837,5.446
67.18,415.18,30.95,0.616,11.577,491.18,98.039,4.934
102.79,770.31,48.79,0.436,7.24,252.71,97.582,5.933
105.65,379.32,26.94,0.644,8.958,469.33,98.118,6.009
93.68,687.86,38.19,0.751,8.772,309.6,98.854,5.785
106.26,231.98,20.25,0.657,8.952,554.47,97.892,5.76
89.63,570.72,47.1,0.836,9.024,388.54,98.554,4.99
91.36,783.9,12.61,0.544,9.973,257.03,97.385,5.4
85.65,171.33,52.63,0.443,7.828,618.42,97.735,6.991
61.53,105.82,19.91,0.868,12.487,686.71,96.48,4.301
66.47,403.51,53.72,0.589,10.202,487.91,96.872,5.387
61.89,164.84,27.63,0.688,12.097,648.87,96.572,4.795
98.18,623.87,46.13,0.796,7.987,353.12,98.352,4.927
78.86,740.18,25.96,0.562,10.39,292.37,98.859,6.41
90.51,403.81,55.3,0.758,9.025,466.91,97.324,5.008
114.45,281.1,16.33,0.468,7.578,516.28,97.02,6.944
74.96,404.08,18.93,0.546,11.514,490.57,98.25,5.726
84.62,606.41,34.65,0.472,12.436,461.96,95.044,10.982
105.33,106.34,14.1,0.806,8.976,618.78,97.428,5.234
73.73,512.62,19.8,0.511,11.138,428.6,97.024,5.597
64.62,529.3,57.19,0.759,9.877,431.87,96.209,3.638
77.39,546.38,58.82,0.872,9.358,410.32,96.957,2.858
69.67,269.42,28.81,0.664,11.741,574.86,97.445,5.323
115.78,599.84,56.16,0.67,6.318,333.52,96.589,6.023
108.49,163.97,37.24,0.631,7.689,587.68,98.298,6.024
98.0,239.49,23.49,0.563,8.76,563.62,98.271,6.335
112.29,714.23,45.12,0.638,7.159,278.75,97.951,5.119
108.22,617.11,42.95,0.701,8.268,327.24,97.494,5.405
71.19,109.62,59.46,0.893,9.447,665.99,96.153,4.197
113.55,273.86,23.25,0.869,7.863,520.67,96.957,4.516
92.36,250.08,43.6,0.831,8.456,567.11,99.32,5.456
108.45,289.56,12.6,0.845,8.752,528.13,97.2,4.393
113.77,273.29,15.68,0.634,7.207,511.35,97.087,6.34
79.08,143.77,10.2,0.729,11.544,644.04,97.29,5.49
66.6,421.26,59.97,0.848,9.589,486.6,96.231,3.787
73.68,612.91,50.11,0.596,9.135,386.31,97.734,5.188
85.63,524.71,49.34,0.881,9.249,417.62,98.444,3.188
109.08,571.01,35.49,0.608,7.249,353.6,98.22,6.642
111.64,156.8,25.0,0.701,7.893,583.82,97.652,5.788
60.42,766.04,17.56,0.755,13.102,304.27,96.595,4.182
90.64,686.94,24.23,0.875,9.236,318.34,98.951,4.211
85.04,663.56,28.8,0.522,9.3,332.05,98.885,5.589
73.33,676.09,47.82,0.773,10.083,354.55,97.544,4.053
67.19,752.9,36.98,0.66,11.433,295.48,97.626,5.296
80.26,480.98,13.87,0.534,10.416,441.71,97.952,5.36
116.57,240.2,10.9,0.788,8.529,554.32,96.02,6.425
79.39,531.75,15.12,0.676,11.328,418.25,97.982,4.627
91.13,620.02,30.52,0.73,8.579,342.99,98.697,4.23
102.18,616.54,56.66,0.561,7.48,347.93,96.556,6.125
81.82,465.01,41.87,0.641,9.904,441.54,98.449,6.432
118.31,147.92,50.09,0.709,6.119,601.71,96.409,5.011
117.75,359.78,33.32,0.602,7.596,465.25,97.161,6.31
75.11,744.54,28.08,0.499,11.192,319.26,98.84,6.001
89.83,509.11,15.42,0.881,10.348,434.38,98.206,4.019
78.05,476.83,53.8,0.656,9.082,441.87,98.117,5.341
77.09,288.2,49.16,0.767,9.216,558.96,98.191,4.293
62.21,357.91,18.41,0.606,12.269,537.64,96.094,4.953
96.57,726.74,35.61,0.578,8.895,293.96,99.174,5.665
90.16,566.52,34.37,0.604,9.12,387.93,98.538,5.05
63.09,651.17,41.25,0.605,10.193,372.13,97.545,4.961
76.72,418.04,57.31,0.672,9.706,482.4,96.818,4.889
114.5,541.17,38.99,0.672,7.169,373.19,98.284,5.483
74.37,273.87,37.01,0.649,10.242,564.77,98.98,5.482
68.69,593.82,12.52,0.467,12.362,393.81,96.501,5.065
89.37,399.32,13.15,0.648,10.998,483.32,97.735,5.385
119.14,409.78,19.37,0.485,6.525,442.71,96.654,8.224
74.52,554.53,11.62,0.463,11.77,410.01,97.286,5.614
100.33,755.4,47.17,0.866,7.305,257.6,98.311,4.696
105.7,144.8,46.17,0.702,7.646,608.93,97.689,5.782
74.26,677.32,16.8,0.73,11.489,340.96,97.536,4.128
103.69,304.67,51.8,0.601,7.549,530.77,97.54,5.503
82.07,410.74,17.74,0.854,10.604,473.42,98.632,4.173
97.94,115.34,25.06,0.719,8.378,644.63,98.82,6.256
98.01,310.73,22.45,0.785,9.092,524.42,98.339,4.747
92.15,451.84,28.62,0.584,9.536,450.57,99.091,5.845
65.42,139.32,22.73,0.88,12.3,672.56,97.515,4.394
110.12,443.77,34.45,0.81,7.243,441.84,98.483,5.068
79.25,748.98,30.37,0.827,10.801,299.0,99.635,3.088
71.19,173.78,59.33,0.486,9.225,626.91,96.23,6.383
62.45,635.11,12.8,0.535,12.67,366.71,96.431,6.157
95.45,386.77,17.11,0.543,9.467,478.79,97.865,6.247
100.65,558.62,12.64,0.535,9.549,371.52,97.38,4.871
61.0,282.17,41.29,0.828,11.661,580.59,97.37,4.166
90.73,211.64,12.73,0.416,9.74,561.45,97.545,7.008
73.59,212.32,51.82,0.438,9.381,602.74,98.189,5.717
98.71,149.34,35.6,0.537,8.558,607.6,98.672,5.764
70.46,229.95,36.35,0.5,11.656,591.26,98.401,6.667
101.46,564.95,38.08,0.516,7.789,374.28,98.002,6.002
83.2,717.18,18.54,0.799,11.472,298.22,98.47,3.699
116.2,669.89,19.88,0.682,8.716,318.83,97.394,5.547
68.25,579.59,25.94,0.403,11.325,393.4,97.674,6.046
80.46,177.3,39.67,0.615,9.644,613.89,97.988,5.794
66.81,302.43,20.51,0.604,11.534,550.81,97.447,5.309
115.48,316.86,15.82,0.457,8.08,495.27,96.648,6.651
112.64,274.97,58.51,0.738,5.722,538.1,96.244,5.294
75.48,460.5,11.1,0.751,11.602,470.34,97.759,4.764
99.6,474.89,50.13,0.76,8.352,436.51,97.895,4.975
109.03,349.82,49.4,0.764,6.792,494.18,97.24,5.204
93.31,347.65,24.86,0.4,9.316,497.54,98.288,8.087
91.78,679.99,16.78,0.877,9.401,312.77,98.342,4.259
74.51,652.5,17.28,0.807,11.567,353.06,97.997,4.421
65.59,315.46,44.87,0.852,10.871,555.45,97.484,3.801
113.83,739.65,42.14,0.408,6.934,269.83,97.669,7.2
114.03,766.97,49.14,0.867,6.594,257.78,97.259,4.096
97.99,328.72,56.87,0.805,7.442,527.07,97.295,5.19
80.34,348.1,44.6,0.819,9.789,531.87,98.317,4.292
80.95,453.94,17.79,0.447,10.757,450.47,97.883,6.596
103.56,758.78,22.17,0.769,8.964,252.92,97.565,4.776
113.83,713.42,52.11,0.88,6.638,296.52,96.904,4.274
113.23,171.8,20.47,0.739,8.59,594.49,97.433,7.126
106.79,374.91,13.63,0.685,9.252,465.69,97.319,5.316
98.52,487.36,45.16,0.873,8.199,438.09,98.688,3.908
65.05,452.19,30.13,0.621,12.084,477.88,97.914,5.467
69.7,235.7,56.0,0.7,10.002,596.79,96.779,4.663
113.91,701.17,42.51,0.638,7.475,300.23,97.536,5.602
96.39,573.86,14.52,0.866,10.066,390.23,97.532,3.612
60.55,686.54,57.39,0.438,9.681,346.02,95.458,6.142
66.09,701.13,22.93,0.651,12.284,335.34,97.608,4.969
99.81,623.85,26.86,0.743,8.949,350.63,98.492,4.754
60.3,407.45,30.11,0.796,11.888,505.71,97.639,4.38
69.65,527.38,12.56,0.692,12.12,428.07,96.722,3.787
92.92,212.26,34.83,0.854,8.943,578.9,99.151,4.166
101.51,571.55,16.17,0.871,9.423,373.22,97.977,4.148
99.12,225.48,30.05,0.432,8.461,560.42,98.902,6.578
73.46,585.76,27.54,0.601,11.437,384.55,98.654,4.402
102.73,260.72,48.64,0.412,7.428,540.33,98.032,7.17
74.23,182.29,50.16,0.565,9.57,615.66,97.092,6.261
79.52,215.7,17.67,0.668,10.585,599.4,98.432,6.005
104.79,101.39,28.33,0.855,8.565,621.8,99.018,4.588
98.98,603.12,28.67,0.823,8.97,358.79,98.702,4.803
110.95,612.68,17.57,0.464,8.54,336.77,97.318,7.142
99.46,460.45,49.92,0.447,7.27,429.14,97.613,7.459
94.1,212.95,45.36,0.695,7.772,579.84,97.98,5.326
65.62,158.49,19.52,0.666,12.224,630.96,97.076,4.258
82.06,113.39,28.34,0.533,10.772,650.73,98.613,6.364
75.91,216.02,15.29,0.85,11.007,608.03,97.64,3.697
74.64,723.6,41.41,0.864,10.853,319.1,98.24,3.225
118.38,269.08,16.07,0.601,8.02,529.58,96.204,6.34
83.59,347.99,59.3,0.845,8.599,521.05,97.07,4.083
113.52,173.74,49.03,0.592,6.485,583.09,96.811,6.616
97.87,255.65,29.51,0.768,8.372,555.79,99.044,5.443
107.69,463.46,38.93,0.638,8.025,430.92,98.432,5.679
90.16,525.43,55.57,0.461,7.837,392.11,98.175,6.708
94.61,271.75,37.7,0.864,8.493,543.83,99.348,4.444
89.55,140.41,18.72,0.627,10.485,638.56,98.424,6.356
71.71,373.72,28.94,0.767,10.293,496.09,98.211,4.363
103.35,263.94,52.16,0.584,6.69,539.08,97.601,6.262
76.85,253.69,42.21,0.409,9.857,580.94,98.476,6.639
61.46,771.9,42.54,0.45,11.209,290.34,97.01,5.675
98.73,531.41,53.34,0.648,7.823,393.39,97.871,5.163
70.63,489.81,54.7,0.745,9.718,451.13,96.652,4.012
116.43,391.04,55.99,0.567,7.069,452.4,95.84,6.921
117.24,400.26,14.74,0.748,8.017,453.13,96.653,4.916
114.89,478.63,37.21,0.749,7.081,406.47,97.607,5.164
82.21,587.5,47.03,0.752,8.979,392.08,98.372,5.053
60.93,591.5,47.85,0.646,10.977,410.71,96.805,4.573
115.7,220.19,40.34,0.857,7.23,555.32,97.305,5.364
85.69,450.08,18.34,0.645,10.903,444.35,98.647,5.101
118.0,388.37,49.87,0.625,5.658,452.02,96.187,5.695
117.82,709.37,46.01,0.5,6.326,274.95,96.892,5.851
111.18,541.99,14.31,0.554,8.735,380.61,97.06,7.015
77.67,472.75,33.19,0.421,10.488,438.19,98.354,5.985
83.11,180.78,18.7,0.717,10.634,606.0,98.333,5.554
111.07,523.95,26.87,0.524,8.145,390.2,97.605,6.052
79.02,182.04,10.9,0.552,10.976,620.26,97.624,6.744
70.17,336.04,30.02,0.785,11.744,534.34,97.979,5.458
93.41,199.99,37.49,0.564,9.219,576.0,98.694,5.443
116.17,584.45,40.98,0.521,6.276,373.78,96.94,6.07
101.76,244.38,43.17,0.485,7.416,557.16,97.918,7.27
94.2,374.3,51.81,0.787,7.69,490.09,98.499,5.042
65.83,726.97,20.77,0.465,12.106,320.21,97.483,6.189
96.9,243.02,16.02,0.627,9.121,558.87,98.025,5.647
119.4,455.46,52.58,0.653,5.883,425.2,95.846,7.006
68.41,393.49,17.83,0.744,12.041,508.74,97.705,4.571
91.1,112.69,58.74,0.717,7.964,642.24,96.883,4.801
112.64,654.93,52.13,0.805,6.727,316.58,97.148,4.639
104.45,148.33,35.04,0.422,7.593,588.73,98.166,6.805
101.82,431.98,59.07,0.548,7.303,462.69,96.462,7.111
102.15,492.47,14.87,0.54,9.001,405.33,97.835,5.98
81.57,539.9,25.15,0.473,10.229,394.37,98.857,6.5
77.62,582.04,41.91,0.545,9.954,384.9,98.676,5.467
108.56,277.29,27.5,0.555,8.148,518.8,97.806,6.257
108.61,106.99,56.42,0.661,6.698,622.93,96.515,5.144
112.02,606.41,13.28,0.732,8.293,349.04,96.879,5.542
114.79,474.96,37.47,0.591,7.0,418.85,97.363,6.927
90.68,685.28,39.54,0.76,8.997,326.58,99.37,4.112
90.09,674.97,42.64,0.568,8.281,320.15,98.004,4.946
107.9,690.33,22.78,0.545,8.208,297.42,97.705,6.598
99.0,439.57,28.23,0.671,9.025,451.54,98.603,4.694
102.12,333.54,52.18,0.412,6.834,485.13,96.64,7.847
107.75,654.09,19.75,0.44,8.987,319.8,97.26,6.409
113.4,415.91,51.34,0.609,7.051,433.76,97.013,5.647
80.28,228.41,38.13,0.871,9.434,607.71,98.92,4.273
82.53,698.48,48.11,0.761,9.763,316.91,98.828,3.869
65.64,717.79,45.68,0.444,10.541,316.81,97.857,5.577
94.7,426.42,20.38,0.823,9.82,456.97,98.663,4.706
62.16,152.99,38.44,0.766,11.137,647.71,97.652,3.279
87.94,371.48,53.39,0.705,8.877,516.96,97.88,5.976
92.56,662.48,31.61,0.81,9.42,339.7,98.268,4.35
77.19,731.24,58.33,0.602,8.763,290.85,96.472,4.554
95.45,242.43,32.61,0.511,8.421,571.51,98.898,6.093
61.83,146.88,17.14,0.656,11.809,663.97,96.863,5.649
62.24,714.15,29.47,0.674,11.825,325.84,97.608,4.785
109.36,372.58,57.59,0.669,6.802,477.36,96.158,6.493
81.61,479.23,25.99,0.683,10.637,443.7,99.026,4.716
67.62,777.65,53.4,0.874,10.135,306.57,97.503,3.477
91.33,146.6,54.06,0.851,7.783,618.45,98.119,4.787
106.2,553.82,27.51,0.838,8.107,381.72,98.73,4.891
72.95,151.87,14.16,0.801,12.157,638.36,97.245,5.067
97.37,362.83,46.23,0.872,7.966,485.56,98.822,3.996
65.12,662.67,25.58,0.449,11.704,368.03,97.597,5.887
63.1,403.43,49.15,0.533,10.224,493.6,97.062,5.358
91.88,798.03,32.13,0.648,9.372,254.97,99.106,5.128
92.44,491.34,34.26,0.823,8.956,414.98,99.045,4.767
98.25,324.81,48.9,0.653,8.31,509.84,97.873,4.898
103.57,254.08,29.12,0.774,8.8,552.66,98.589,5.728
118.55,345.36,32.16,0.469,6.851,469.69,97.495,6.639
90.98,360.77,28.81,0.526,9.388,502.71,98.752,6.148
79.38,148.1,28.37,0.766,10.241,633.76,99.068,5.466
107.71,358.7,36.3,0.482,7.145,489.91,98.439,7.065
76.25,424.97,50.44,0.576,9.208,488.89,97.72,5.816
86.34,605.92,28.09,0.532,9.928,359.72,99.27,5.336
64.71,559.71,36.21,0.575,11.315,413.12,97.663,4.763
61.52,596.14,43.54,0.754,11.187,399.71,97.721,4.58
117.76,105.85,23.47,0.584,7.46,616.8,97.206,6.451
110.16,252.37,23.88,0.678,8.57,541.18,97.887,5.638
101.76,563.18,56.67,0.45,7.186,373.43,96.697,7.254
84.54,438.79,46.18,0.803,9.45,464.22,98.55,3.912
70.4,103.72,38.86,0.585,9.891,668.83,98.145,5.929
69.39,663.15,42.39,0.724,8.978,362.12,97.677,4.4
75.01,640.97,11.46,0.763,11.768,365.06,97.119,4.282
92.95,483.89,40.91,0.505,8.1,431.82,98.509,6.087
102.88,146.52,35.48,0.842,8.164,617.3,98.9,4.567
99.61,636.56,37.29,0.708,8.258,336.82,99.174,4.568
76.8,508.6,27.97,0.614,11.277,433.15,98.227,5.582
117.29,647.37,14.07,0.491,8.22,302.34,96.791,6.417
104.27,626.22,19.67,0.871,9.002,352.83,98.079,4.717
93.26,662.1,57.54,0.778,8.23,308.81,97.015,4.426
96.7,462.61,30.43,0.504,9.041,433.67,99.033,5.918
85.18,198.23,33.33,0.569,9.507,606.11,98.812,5.973
74.86,569.81,12.64,0.805,12.049,390.53,97.325,3.893
81.36,534.33,11.88,0.748,10.678,417.31,97.403,5.11
105.47,619.58,45.86,0.783,7.634,338.04,97.83,4.608
60.86,218.92,36.9,0.621,10.853,610.4,97.594,5.137
66.96,236.48,35.44,0.758,11.18,606.82,97.994,5.259
62.76,723.29,22.16,0.593,12.127,322.32,96.748,5.227
62.44,624.98,47.24,0.506,11.465,359.53,97.155,6.421
111.33,735.76,18.41,0.716,7.762,264.23,97.056,5.822
102.22,631.1,19.5,0.888,8.874,350.04,97.879,3.642
88.45,518.01,33.04,0.555,9.768,416.08,99.327,6.414
65.87,557.89,24.31,0.63,11.838,427.51,97.289,5.739
89.5,722.39,22.37,0.737,10.015,313.23,97.995,5.412
88.41,505.16,42.26,0.671,8.633,419.35,98.985,5.733
70.39,542.67,42.55,0.822,10.251,441.67,98.08,4.419
86.03,209.53,51.23,0.781,9.288,594.07,98.063,4.675
83.91,431.74,30.89,0.429,9.851,455.63,98.736,6.253
96.95,601.48,13.65,0.899,9.981,359.01,97.923,3.766
98.11,289.66,23.68,0.776,9.154,517.31,98.414,4.183
62.72,241.58,59.0,0.832,9.809,615.35,96.272,4.692
82.48,319.68,39.81,0.726,10.002,547.04,98.409,4.835
97.55,269.05,45.49,0.828,8.371,540.45,98.66,5.359
90.19,250.44,10.37,0.456,11.326,557.85,97.507,6.2
111.39,397.4,35.91,0.574,7.059,457.84,97.742,6.928
99.52,735.49,11.88,0.838,10.025,277.64,97.208,3.978
69.78,454.94,38.46,0.501,10.12,451.98,98.433,5.293
64.23,231.54,56.04,0.439,10.254,597.04,95.907,7.232
98.55,153.88,58.42,0.794,7.824,608.8,96.848,5.606
61.59,587.31,37.03,0.818,10.638,401.42,97.82,3.844
95.15,367.96,32.91,0.481,8.805,490.46,98.872,6.664
116.41,675.28,57.25,0.827,5.847,314.56,95.327,4.91
94.53,561.66,43.68,0.743,8.196,383.25,99.216,4.966
83.29,657.37,13.24,0.66,11.027,342.1,97.551,4.652
98.6,290.36,33.29,0.815,9.141,541.03,98.802,4.585
87.5,584.65,22.01,0.61,10.029,381.3,98.67,6.488
92.74,284.84,33.49,0.497,9.138,533.4,99.104,7.924
116.49,757.35,32.77,0.542,7.251,252.71,98.06,7.099
83.17,545.46,39.11,0.653,9.588,408.5,98.359,5.441
117.67,327.16,27.84,0.666,6.958,482.18,97.568,5.863
114.32,288.66,18.21,0.803,8.628,528.98,97.388,4.782
71.75,233.65,35.19,0.796,10.858,607.79,98.438,4.061
64.16,586.25,51.51,0.691,10.657,394.33,97.098,4.276
66.05,253.1,43.2,0.79,10.471,592.93,98.041,5.401
61.09,516.71,26.92,0.496,11.732,444.34,96.802,6.633
65.67,285.24,56.78,0.425,9.965,561.68,96.758,6.851
100.98,563.38,55.61,0.837,6.778,384.14,96.874,3.955
64.27,670.46,20.47,0.438,11.291,347.9,96.789,6.435
79.14,644.62,11.97,0.523,10.987,337.39,97.261,5.679
110.69,632.6,47.07,0.748,7.225,334.25,98.137,4.019
61.4,231.41,51.38,0.605,10.439,596.46,96.453,5.512
108.87,161.87,58.39,0.838,6.215,603.56,96.42,4.566
76.91,589.26,54.49,0.549,8.961,377.89,97.803,5.251
67.09,357.84,40.03,0.406,10.571,521.22,97.719,6.423
101.8,402.64,36.5,0.55,8.054,474.63,98.265,6.082
97.74,121.8,11.39,0.689,10.684,632.15,97.316,5.682
112.65,281.7,22.33,0.588,8.47,511.62,97.946,6.402
104.1,123.57,32.98,0.667,8.633,611.31,98.602,5.016
108.21,715.43,41.43,0.838,7.991,283.83,98.763,5.179
76.92,270.38,37.86,0.856,9.81,574.07,98.992,3.639
70.65,490.14,47.13,0.533,9.663,448.52,97.549,5.249
105.04,127.29,23.99,0.631,8.144,608.81,98.263,6.023
108.41,566.79,38.25,0.675,8.151,358.56,97.957,5.5
119.43,326.12,14.41,0.875,7.769,496.34,96.06,5.545
84.76,728.54,30.68,0.899,9.455,302.4,100.0,3.705
82.32,721.68,47.51,0.518,9.022,319.58,98.586,6.102
106.58,327.7,44.67,0.763,7.373,505.01,98.333,5.36
80.45,730.67,59.53,0.589,8.872,314.87,96.641,5.46
115.85,797.31,23.89,0.404,7.759,218.26,97.69,7.25
111.5,677.79,34.91,0.405,7.124,285.26,98.218,6.158
85.74,691.41,26.48,0.63,10.28,309.62,99.398,5.117
105.05,274.31,32.03,0.644,7.932,543.28,99.056,6.543
105.27,503.69,52.85,0.411,6.997,414.94,96.783,9.105
66.19,147.08,44.21,0.743,10.992,644.83,97.358,4.114
114.15,166.44,54.12,0.547,6.069,578.01,96.091,7.046
90.32,799.22,20.18,0.68,9.742,245.21,98.215,4.642
109.59,328.65,53.67,0.55,6.951,482.23,96.971,7.584
79.2,623.73,12.99,0.484,10.816,365.9,97.282,5.382
113.73,664.67,54.43,0.604,6.207,308.82,97.046,6.301
83.35,700.62,26.45,0.516,10.386,313.37,99.301,5.166
60.65,798.34,25.73,0.667,12.883,269.73,97.195,4.251
114.32,269.05,35.6,0.499,7.466,536.8,98.245,7.004
65.48,128.25,57.03,0.654,10.295,656.9,96.741,5.791
79.16,387.83,12.39,0.479,11.404,498.43,97.237,5.785
117.0,191.06,27.61,0.735,7.05,556.98,96.82,6.068
117.04,115.7,52.83,0.777,6.275,609.57,96.289,5.573
94.41,352.3,29.8,0.455,9.082,500.07,98.633,6.941
97.91,648.62,19.96,0.634,9.488,334.03,98.38,5.985
86.91,496.33,31.24,0.435,9.663,425.12,98.911,5.988
77.59,318.94,29.28,0.699,10.69,543.36,98.735,5.444
79.72,558.04,55.77,0.532,8.869,388.91,97.473,5.559
100.35,262.41,48.1,0.664,7.79,547.52,97.757,6.31
105.14,110.07,35.26,0.659,7.532,626.5,98.623,6.208
107.49,635.05,59.42,0.862,6.56,336.38,96.26,4.237
107.38,536.62,33.26,0.675,8.505,386.29,98.427,5.269
65.47,633.61,12.91,0.691,12.452,361.5,96.882,4.938
89.67,127.26,23.11,0.601,9.843,622.09,98.302,6.692
63.45,685.98,31.8,0.875,12.354,329.45,97.711,3.069
92.97,533.67,17.85,0.789,9.362,410.39,98.292,4.028
86.49,494.38,57.38,0.543,7.931,434.16,97.094,6.326
113.26,537.23,48.34,0.822,7.454,389.28,97.517,4.071
81.05,705.1,23.41,0.616,10.548,317.31,98.339,4.566
67.02,510.86,39.54,0.814,10.808,425.98,97.858,3.412
68.58,506.67,46.07,0.811,9.974,435.62,97.591,3.789
105.69,793.48,57.06,0.494,7.019,241.88,97.019,5.686
97.09,629.71,54.08,0.751,7.971,346.21,97.509,3.839
66.07,409.61,35.76,0.545,10.652,494.9,98.027,5.072
65.05,595.18,48.73,0.549,10.468,394.25,97.739,5.735
102.06,372.46,38.11,0.548,7.96,480.32,98.543,5.744
64.37,260.21,37.64,0.763,11.3,589.55,98.138,4.28
109.31,517.8,15.74,0.515,8.175,385.97,97.728,7.552
102.37,749.73,16.31,0.4,9.616,273.88,97.987,6.87
64.88,750.4,36.48,0.758,11.579,303.09,97.869,4.173
65.09,339.33,23.44,0.486,11.621,526.19,97.641,5.576
119.2,469.37,11.05,0.452,7.961,400.59,95.283,8.283
82.46,248.15,46.14,0.519,9.197,567.94,98.159,6.018
82.24,796.94,11.62,0.59,10.705,269.12,97.258,5.194
108.77,786.78,39.76,0.638,7.324,244.06,98.786,6.219
116.83,554.66,36.96,0.422,6.824,359.88,97.084,7.157
119.16,663.09,58.44,0.885,6.456,298.48,95.149,4.432
105.2,600.57,34.21,0.758,8.479,360.13,98.242,4.814
82.58,515.21,13.18,0.562,11.277,414.82,97.801,5.629
65.01,137.34,37.58,0.559,11.236,653.54,97.809,5.992
106.63,418.34,52.05,0.624,6.607,463.21,97.657,6.245
93.5,572.35,59.84,0.713,7.725,384.12,97.122,4.697
85.45,574.27,31.52,0.473,10.118,368.96,98.475,5.913
114.38,361.19,26.01,0.494,7.194,458.29,97.276,6.655
66.67,759.18,55.33,0.83,10.403,300.81,97.127,2.895
89.56,217.15,19.56,0.528,10.945,570.88,98.313,5.61
60.68,450.25,40.77,0.59,11.709,484.95,97.585,5.371
88.12,583.62,30.29,0.836,10.252,381.71,99.032,4.634
63.38,588.0,12.05,0.732,12.634,402.01,96.002,4.726
67.13,554.05,27.36,0.571,11.82,407.66,97.79,4.172
67.05,292.7,23.26,0.742,11.408,580.54,97.458,4.475
98.95,209.34,44.3,0.41,8.31,594.87,98.177,6.76
104.76,545.16,57.44,0.768,7.239,383.16,96.896,5.015
95.0,519.51,23.4,0.644,9.539,409.73,98.799,5.311
117.73,225.55,50.57,0.807,6.821,550.93,96.065,5.585
82.49,593.6,12.77,0.877,10.81,379.91,97.733,3.783
77.14,418.62,36.91,0.863,10.167,479.78,98.629,2.999
112.12,567.43,13.53,0.855,8.649,358.86,96.72,4.064
73.42,686.16,56.7,0.656,9.077,324.39,96.989,4.849
117.79,218.81,48.32,0.58,6.425,552.52,96.479,6.702
60.73,113.4,42.9,0.633,10.499,670.33,97.57,4.603
118.19,645.37,51.19,0.745,6.627,295.73,96.747,4.481
62.59,526.79,42.38,0.842,11.145,442.41,97.844,3.701
113.47,589.75,58.45,0.503,5.943,346.52,95.689,5.957
91.66,686.71,45.7,0.859,8.306,331.11,98.373,3.158
119.58,661.97,56.23,0.808,5.771,310.13,95.654,4.661
64.43,772.64,35.86,0.889,11.595,284.97,97.859,2.935
93.23,475.15,15.85,0.84,10.22,419.71,97.969,3.91
118.16,441.95,36.41,0.54,6.607,418.97,96.895,6.33
91.39,381.32,16.34,0.453,9.669,479.54,98.017,6.735
97.76,207.58,39.62,0.456,8.597,582.92,98.535,6.651
101.74,500.83,34.12,0.546,8.029,408.63,98.854,6.296
87.27,293.91,41.13,0.707,9.198,552.4,99.067,5.019
97.65,744.92,10.5,0.802,9.953,270.41,97.711,4.479
95.06,508.23,19.74,0.85,9.788,425.03,98.11,4.734
114.07,514.99,34.57,0.712,7.703,397.63,97.923,5.915
62.73,348.45,57.53,0.403,9.721,516.31,95.613,7.133
76.86,136.39,29.18,0.493,9.776,650.57,98.209,6.861
117.02,122.22,31.22,0.45,6.985,601.7,97.227,7.638
113.42,396.33,45.73,0.582,7.535,458.85,97.65,6.165
87.34,159.2,40.19,0.651,10.007,611.33,98.768,5.49
97.21,524.79,24.95,0.422,9.835,407.52,99.031,6.45
76.64,716.68,30.54,0.574,10.437,301.99,98.801,5.373
71.29,718.04,20.88,0.49,10.687,320.55,97.68,6.119
87.82,561.33,58.3,0.724,7.339,398.57,97.559,4.491
81.2,247.86,16.53,0.632,10.621,566.74,98.137,5.565
95.02,704.1,28.59,0.648,9.084,319.1,98.599,4.972
64.66,720.27,11.29,0.614,12.967,323.0,96.822,4.995
118.46,237.66,21.09,0.878,8.079,549.3,97.066,4.589
119.17,616.2,49.02,0.507,6.258,314.58,96.383,6.353
101.89,300.56,20.06,0.658,8.687,539.75,97.916,5.447
92.17,661.85,14.0,0.768,9.773,322.26,98.277,4.825
78.57,798.07,33.72,0.678,10.333,273.72,98.963,4.654
108.83,121.02,10.5,0.865,9.307,611.4,96.997,4.654
101.08,728.16,14.24,0.589,9.535,278.08,97.459,5.89
69.76,535.84,50.38,0.632,9.676,428.69,97.685,4.861
114.66,781.37,48.57,0.444,6.792,246.53,97.17,7.409
109.35,425.51,55.76,0.704,6.846,436.01,96.5,5.048
116.99,693.17,52.73,0.544,5.74,295.75,95.831,6.288
103.54,143.68,44.16,0.48,7.339,613.46,98.339,6.344
96.8,334.7,12.62,0.672,10.102,501.92,97.146,5.394
85.09,146.91,49.14,0.666,8.841,640.85,98.312,4.718
115.96,782.74,52.28,0.438,6.876,224.61,96.235,7.282
111.96,671.88,49.95,0.749,6.97,302.59,97.545,5.456
62.71,696.78,35.42,0.712,11.231,342.22,97.526,4.678
61.58,756.58,21.65,0.495,12.135,293.85,97.296,5.522
82.59,159.57,52.27,0.635,8.995,625.23,97.727,5.244
108.63,369.92,46.36,0.76,6.928,480.9,98.095,4.842
119.24,149.72,59.04,0.665,5.344,586.02,95.803,7.012
69.03,247.56,17.78,0.598,12.049,594.09,97.087,6.264
95.65,260.56,21.28,0.561,9.79,548.25,98.536,6.347
82.85,428.38,20.59,0.705,10.795,473.7,99.282,4.74
118.19,287.99,49.63,0.87,6.93,525.55,96.636,5.543
110.53,170.68,19.35,0.736,8.195,593.55,97.595,5.277
110.3,217.24,13.33,0.437,9.31,561.91,97.076,7.479
88.12,203.09,59.93,0.63,7.783,582.97,96.928,6.453
84.89,781.15,11.24,0.845,10.495,277.07,97.069,3.426
76.4,631.5,51.76,0.447,8.73,350.63,97.955,6.628
63.38,777.43,28.27,0.894,11.606,284.83,97.114,3.384
111.88,407.82,52.08,0.875,6.506,456.22,96.897,4.563
108.77,294.86,37.73,0.439,7.754,506.93,98.444,6.749
119.98,658.81,55.08,0.867,6.005,316.01,95.658,4.178
119.8,328.38,56.31,0.582,5.298,493.1,95.27,6.723
93.33,309.57,10.45,0.822,10.101,515.05,97.748,3.911
106.14,262.75,13.77,0.609,8.855,531.69,97.03,6.27
116.69,190.78,22.52,0.62,7.015,555.15,96.789,6.691
110.98,279.52,43.47,0.717,6.771,522.16,97.863,6.13
74.84,348.72,54.41,0.787,9.22,530.78,97.341,3.725
87.03,571.8,33.0,0.417,10.086,378.79,98.519,7.326
67.75,143.8,40.35,0.697,10.848,645.53,98.19,5.879
117.24,247.35,19.42,0.493,8.062,542.76,96.946,7.342
96.37,666.32,50.25,0.573,7.35,303.27,97.916,5.304
73.72,202.85,58.37,0.574,9.834,617.19,96.601,5.664
100.3,339.85,23.43,0.635,9.515,497.7,98.61,5.835
97.09,705.26,34.74,0.567,7.867,298.44,99.203,5.969
81.49,208.45,14.31,0.454,10.62,588.79,97.596,6.71
66.81,157.92,37.96,0.473,11.097,651.09,98.078,6.482
100.29,439.18,35.14,0.417,8.602,432.25,98.813,7.021
91.22,311.69,17.22,0.635,9.761,527.69,98.473,5.834
106.34,494.39,32.1,0.877,8.029,418.55,98.55,4.139
91.21,662.66,26.71,0.458,9.266,313.4,98.502,6.245
111.13,196.0,36.09,0.873,7.611,567.86,98.0,4.5
93.11,506.49,39.28,0.767,9.296,417.38,99.046,5.714
93.66,453.86,10.42,0.719,9.893,439.58,97.969,5.839
112.6,200.86,48.05,0.723,7.207,561.34,97.143,5.993
84.21,536.8,45.65,0.813,8.912,408.42,98.856,4.93
68.04,291.55,28.31,0.453,10.938,565.62,97.837,6.748
61.73,441.48,12.65,0.652,12.953,482.24,96.184,4.969
105.31,157.59,47.75,0.749,7.781,609.31,98.37,4.705
97.22,421.71,57.76,0.693,7.883,452.6,97.356,5.231
102.24,314.52,22.01,0.816,8.439,507.77,98.005,4.665
72.78,675.67,26.18,0.436,10.813,351.07,98.029,5.597
68.18,139.89,19.19,0.745,12.139,647.71,97.917,4.009
60.87,393.03,38.85,0.667,11.405,503.56,97.398,5.069
81.04,420.9,17.74,0.59,10.377,461.71,97.752,5.825
95.4,607.5,27.81,0.57,9.332,364.21,98.561,5.296
83.53,502.0,44.85,0.71,9.002,426.81,98.817,4.533
86.25,567.05,38.01,0.845,10.171,390.72,99.338,4.666
114.25,643.93,29.32,0.648,8.206,317.66,97.722,5.314
80.9,703.54,31.01,0.812,10.463,327.92,99.684,4.126
90.84,319.71,38.11,0.601,9.552,521.37,99.171,5.796
107.02,476.62,10.29,0.451,9.085,433.79,96.632,7.21
83.79,688.08,13.93,0.431,11.036,319.35,97.445,5.975
97.33,792.62,54.06,0.426,8.23,255.5,97.197,6.645
111.74,722.66,13.89,0.59,8.641,282.86,96.959,6.056
116.97,360.03,45.34,0.569,6.444,471.54,96.832,6.683
68.82,236.62,56.0,0.759,9.24,592.44,97.276,4.626
115.6,442.57,23.53,0.771,7.774,434.29,97.849,5.413
89.53,619.15,28.52,0.425,9.869,355.84,99.021,7.715
75.49,444.8,38.45,0.511,15.089,589.84,93.682,10.855
87.55,438.23,54.09,0.537,8.655,459.43,97.489,5.77
118.8,686.76,57.1,0.674,5.627,301.38,95.912,4.487
89.56,352.98,46.98,0.472,7.837,519.39,98.216,6.902
79.73,701.86,14.33,0.467,10.847,321.77,97.963,6.184
98.0,384.76,43.46,0.872,8.127,498.96,98.81,4.874
74.41,329.76,30.52,0.802,10.637,533.67,98.643,4.488
64.55,417.79,33.54,0.49,11.554,498.07,97.516,5.961
67.73,633.71,12.46,0.603,12.934,378.44,96.673,5.666
67.68,188.2,19.55,0.578,11.83,615.34,97.502,6.333
69.11,237.49,49.53,0.796,10.147,593.16,97.86,3.678
68.33,766.01,32.7,0.655,10.992,306.34,97.883,4.262
98.45,222.84,25.08,0.464,9.059,558.4,98.468,6.91
70.91,497.41,29.2,0.769,10.766,435.23,98.362,4.353
80.74,505.52,52.72,0.598,9.132,440.32,97.959,5.406
113.81,442.74,47.45,0.531,6.863,438.15,96.855,6.862
88.44,551.32,23.62,0.588,10.004,397.8,98.296,6.189
100.05,260.88,15.88,0.649,9.58,546.46,98.068,6.708
70.34,486.86,22.6,0.572,11.588,445.1,97.437,5.78
71.54,360.52,56.04,0.521,8.923,520.83,97.236,5.518
62.45,563.17,39.08,0.599,11.484,425.85,97.441,5.017
70.14,198.86,36.67,0.41,10.41,612.2,97.686,6.709
76.72,499.61,39.82,0.786,9.669,456.56,98.521,4.575
70.62,229.69,28.3,0.485,10.639,586.46,98.271,6.464
65.32,295.05,50.36,0.422,10.556,560.57,96.797,7.505
67.24,253.1,36.16,0.727,10.942,585.82,98.086,4.5
87.65,227.99,15.84,0.787,9.76,573.08,98.364,4.996
72.38,678.0,16.45,0.807,11.82,340.89,97.571,5.105
81.86,300.0,36.84,0.647,9.228,547.87,98.598,5.164
90.21,748.99,56.83,0.503,8.149,283.63,97.219,6.112
101.42,778.95,25.42,0.769,8.941,275.26,99.014,4.165
62.36,499.88,53.48,0.75,10.917,456.42,96.995,4.289
107.96,200.1,48.2,0.523,7.822,578.69,96.967,6.43
97.67,362.18,22.39,0.852,8.776,497.19,98.94,5.004
64.91,658.41,11.82,0.452,12.331,366.63,96.353,6.0
112.41,357.17,15.09,0.891,8.409,503.87,97.359,4.075
115.25,160.91,46.42,0.83,6.881,593.42,97.048,5.584
63.66,489.75,19.98,0.744,12.217,449.16,96.651,4.41
76.61,691.58,28.56,0.869,10.563,327.3,98.908,4.101
108.37,657.15,35.08,0.761,7.628,321.63,98.043,4.37
104.9,222.59,46.27,0.495,6.997,563.47,97.521,7.088
71.07,570.94,15.66,0.621,12.113,406.39,96.965,5.511
72.56,254.35,30.32,0.436,10.994,580.09,98.504,6.371
82.23,252.75,34.25,0.595,10.255,569.94,98.935,5.193
89.07,711.85,37.04,0.771,9.129,301.69,99.276,4.424
97.1,274.77,50.92,0.593,7.602,544.37,98.142,6.722
82.13,284.27,18.58,0.565,10.238,566.36,98.071,6.531
87.75,100.46,50.39,0.698,8.813,660.06,98.165,5.254
104.85,709.47,44.64,0.836,7.215,299.26,98.077,3.729
62.2,654.82,37.79,0.424,12.001,365.47,97.345,5.831
75.15,539.13,44.98,0.593,9.394,411.44,97.928,5.173
102.8,625.19,30.6,0.479,8.499,332.75,98.656,6.779
113.71,206.43,16.92,0.748,8.908,558.05,97.399,5.529
90.7,420.83,43.29,0.453,8.955,461.99,98.382,6.299
91.93,345.85,36.23,0.732,9.124,506.17,99.406,5.65
66.43,165.64,41.97,0.543,10.363,645.83,97.77,5.975
86.84,440.29,26.9,0.499,9.305,453.09,98.872,6.518
91.96,744.52,55.34,0.868,8.445,281.27,97.166,3.023
74.55,128.04,39.37,0.409,10.793,661.26,97.834,5.695
76.15,304.02,14.27,0.619,11.204,544.23,97.571,4.787
82.64,245.28,32.49,0.411,9.432,571.22,99.047,6.702
61.2,266.7,47.82,0.642,9.922,589.51,96.676,5.395
79.32,735.9,49.71,0.651,8.972,290.53,98.555,3.776
72.69,427.65,34.73,0.561,10.571,489.72,98.649,6.458
79.65,426.41,54.74,0.466,9.671,476.58,97.142,6.455
67.19,632.4,23.38,0.588,11.902,381.16,97.7,5.862
113.43,208.14,30.53,0.736,7.742,557.73,98.607,5.201
95.62,441.09,54.93,0.791,7.682,454.1,97.243,4.976
100.75,400.99,54.81,0.665,7.166,468.29,97.53,5.664
107.35,517.84,44.29,0.695,7.968,398.72,97.914,5.869
89.91,799.69,52.95,0.5,8.39,239.43,98.02,5.88
65.22,638.61,14.44,0.544,11.383,366.99,97.061,5.64
92.23,378.51,53.25,0.481,7.834,474.4,97.624,7.131
95.21,679.29,26.03,0.525,8.896,317.4,99.055,5.751
104.73,219.5,18.92,0.512,8.611,545.05,98.515,6.921
85.9,121.32,21.97,0.66,10.453,626.68,98.618,4.694
67.65,243.11,30.9,0.681,11.204,599.7,98.318,5.373
77.03,338.29,22.56,0.872,10.941,528.09,98.284,4.945
81.78,457.41,26.03,0.498,10.831,444.43,98.665,5.569
98.76,530.59,16.75,0.721,9.2,408.68,97.989,5.074
94.25,737.42,24.81,0.809,10.208,291.04,99.062,4.736
81.37,456.9,38.61,0.68,9.496,463.67,99.199,5.105
119.19,450.89,32.09,0.528,7.054,417.15,97.119,6.85
96.35,135.17,27.34,0.531,8.972,640.55,99.206,6.409
74.23,124.44,47.32,0.42,9.87,643.51,98.365,6.628
66.11,485.81,54.68,0.553,10.321,467.04,96.866,5.477
69.17,406.73,47.84,0.772,10.48,499.17,97.538,4.364
74.76,687.43,26.6,0.424,10.515,313.63,98.153,5.674
69.64,212.48,47.22,0.51,9.771,608.92,97.405,6.089
71.19,117.48,17.6,0.753,12.652,665.01,97.92,5.572
77.11,414.33,16.52,0.791,11.05,479.07,97.547,4.17
70.4,266.23,27.28,0.628,11.472,568.45,98.378,4.757
113.81,134.73,50.39,0.749,5.958,603.51,96.633,5.571
64.81,607.22,22.32,0.594,11.765,388.31,97.648,4.768
91.47,178.12,13.16,0.48,10.117,579.72,97.69,6.102
84.62,525.82,16.59,0.599,10.77,421.16,98.484,5.642
118.94,296.73,52.94,0.69,4.956,503.19,96.417,5.587
66.72,221.45,41.69,0.874,10.906,599.8,98.371,3.556
83.87,365.83,22.66,0.434,9.828,508.35,98.933,6.782
118.17,661.01,37.76,0.654,6.984,305.72,97.314,5.014
111.93,374.47,36.38,0.564,6.981,478.79,97.56,5.607
109.02,625.54,42.77,0.654,6.994,337.71,97.64,5.965
75.47,187.84,21.66,0.412,10.893,610.63,97.461,5.884
70.25,640.94,53.22,0.557,9.465,359.05,96.803,4.937
100.12,265.85,25.47,0.81,8.77,551.05,98.693,3.977
115.76,574.18,44.71,0.677,6.229,353.4,97.043,5.436
93.41,496.05,10.81,0.625,9.442,414.5,97.378,5.834
94.3,750.4,28.63,0.543,9.595,280.64,98.991,5.935
76.8,371.13,27.59,0.549,10.123,506.39,98.458,7.067
106.17,146.32,37.17,0.592,7.754,603.12,98.027,6.971
71.22,113.41,13.64,0.818,12.167,674.79,97.221,3.939
79.42,678.8,49.51,0.884,9.19,335.74,97.924,3.009
85.53,467.31,20.89,0.619,9.969,445.47,98.412,6.881
90.46,642.67,43.85,0.597,8.84,336.24,99.069,6.118
74.54,264.1,50.16,0.823,10.223,579.87,97.789,4.582
66.89,341.56,38.09,0.613,10.46,539.0,98.486,5.353
96.64,121.07,47.04,0.676,8.06,636.8,98.79,5.892
77.32,773.04,43.09,0.515,9.122,272.98,98.233,4.939
94.87,567.51,27.78,0.772,9.095,378.96,98.585,4.778
69.26,753.24,50.44,0.666,10.15,305.47,97.392,4.672
88.87,285.85,24.74,0.805,9.553,550.12,99.21,4.212
91.96,528.02,38.56,0.79,8.77,400.82,98.848,4.3
63.11,574.95,47.27,0.508,10.177,414.42,97.33,6.4
80.2,322.28,28.95,0.758,13.814,589.13,96.133,9.006
68.06,693.68,25.14,0.8,11.96,343.28,97.743,4.903
63.8,763.01,32.97,0.573,10.98,286.44,97.488,4.204
119.4,719.4,50.9,0.486,5.8,284.25,96.363,6.49
79.34,617.35,56.5,0.401,9.149,349.64,97.185,5.788
108.59,294.23,37.25,0.625,8.122,527.66,97.996,5.52
75.28,297.13,43.07,0.576,9.4,551.21,98.229,5.337
100.89,774.35,55.16,0.677,7.306,256.19,97.304,5.336
105.61,107.2,14.93,0.494,9.066,624.84,96.924,7.174
95.74,601.23,21.6,0.83,9.469,369.05,98.834,3.995
88.29,594.37,45.45,0.529,7.832,361.76,98.386,4.884
84.71,535.88,51.19,0.513,9.018,398.71,97.146,6.818
80.93,793.08,52.85,0.64,9.683,270.71,97.765,4.841
115.77,318.32,30.76,0.649,11.795,603.04,95.321,9.3
109.84,337.98,14.47,0.508,8.229,485.73,97.55,6.951
117.9,155.26,31.89,0.536,6.929,607.73,97.13,7.089
67.46,409.96,21.54,0.485,12.38,486.09,97.208,5.869
103.85,282.73,24.56,0.759,9.056,541.85,98.566,5.313
116.3,340.37,48.61,0.785,6.757,483.06,96.69,4.698
70.87,684.2,13.78,0.631,11.973,340.52,96.901,5.326
63.99,754.84,51.38,0.757,10.275,310.01,97.045,3.484
104.47,230.01,31.38,0.768,8.224,570.63,98.286,4.949
94.47,360.76,39.8,0.469,8.562,491.6,98.312,7.038
110.51,750.04,14.48,0.883,8.92,284.09,97.695,4.764
68.39,143.27,26.87,0.811,12.032,647.39,98.263,5.154
107.72,164.65,14.49,0.502,9.256,590.96,97.126,7.504
72.1,213.95,58.08,0.493,8.909,603.1,96.588,6.107
69.82,516.65,50.36,0.463,10.125,420.94,97.509,5.332
69.86,205.33,32.98,0.469,11.198,605.81,98.472,7.079
108.87,777.65,21.18,0.774,8.711,253.4,97.644,5.441
99.91,412.7,56.67,0.635,7.112,458.22,97.255,5.441
91.38,451.06,27.23,0.791,10.731,471.55,98.81,5.088
81.53,272.66,18.05,0.773,10.296,556.21,98.177,4.553
112.63,429.67,38.16,0.702,6.859,449.88,97.915,6.36
83.55,563.34,57.19,0.743,8.773,402.28,97.331,4.391
109.0,625.82,10.19,0.409,9.74,329.07,96.746,8.088
86.35,627.71,21.91,0.556,9.829,345.63,98.694,6.157
82.62,504.52,56.92,0.719,8.654,423.05,96.886,5.733
87.76,733.05,18.55,0.405,10.604,284.54,97.811,6.362
78.08,672.19,15.66,0.416,11.088,318.03,97.569,6.593
104.86,629.93,38.51,0.826,7.8,331.12,99.079,4.027
90.16,138.92,53.09,0.742,8.581,616.44,97.655,5.634
73.93,104.81,33.86,0.533,10.661,672.91,98.433,6.627
113.97,248.71,59.73,0.744,6.531,545.17,95.546,6.765
83.03,564.47,43.96,0.796,9.915,402.64,98.529,4.56
92.61,387.84,13.7,0.553,10.195,486.31,97.829,6.506
114.39,381.68,59.64,0.418,6.109,460.88,95.936,7.163
97.45,719.21,30.39,0.866,9.029,308.58,99.099,4.302
67.01,726.89,24.37,0.573,11.788,309.5,97.486,4.988
116.39,736.42,37.89,0.453,6.952,262.68,98.194,6.93
97.66,319.71,25.22,0.646,9.12,522.36,98.696,5.845
80.09,583.74,14.32,0.784,11.59,377.46,97.625,4.137
68.36,290.14,10.07,0.511,12.788,586.81,96.809,6.044
107.64,233.43,32.48,0.535,7.322,551.75,98.136,6.523
97.2,229.24,51.84,0.521,7.792,566.29,98.301,6.397
92.01,339.48,38.62,0.896,8.702,526.37,98.784,4.664
113.63,400.97,59.96,0.499,5.937,458.58,96.011,6.967
107.32,681.66,24.34,0.688,8.565,305.54,98.203,5.512
69.1,183.92,24.02,0.863,11.797,630.1,98.418,3.294
78.7,614.45,17.99,0.473,10.902,353.67,98.542,6.331
74.91,472.02,18.2,0.885,10.597,454.3,97.665,3.979
104.64,301.56,24.26,0.874,8.292,527.73,98.791,4.35
62.01,444.97,49.64,0.842,11.168,490.04,96.481,4.784
94.19,309.96,55.29,0.507,6.756,532.59,97.149,5.386
105.75,517.26,58.75,0.717,7.293,398.0,96.307,5.688
112.61,403.69,21.61,0.78,8.353,445.35,97.738,5.522
80.52,215.08,54.06,0.893,9.649,607.56,97.751,4.308
109.28,181.61,26.41,0.49,8.005,589.14,97.942,7.151
66.64,482.69,15.64,0.783,11.297,466.13,97.115,4.427
110.79,731.69,53.5,0.569,6.805,270.55,96.978,6.502
67.65,340.77,41.81,0.488,11.154,541.69,98.024,5.722
83.84,613.1,18.24,0.611,10.934,391.74,98.562,5.549
107.84,561.06,31.49,0.797,7.772,375.02,98.932,4.723
69.0,752.09,24.36,0.632,11.487,288.86,97.92,4.286
73.76,674.69,46.84,0.669,9.745,335.27,97.884,5.146
103.34,496.62,32.67,0.898,8.041,421.51,98.923,3.902
103.2,559.92,59.46,0.6,7.333,362.47,96.199,5.158
98.47,728.87,12.74,0.708,9.219,288.73,97.394,4.725
101.64,379.66,27.75,0.583,8.299,480.37,98.881,5.758
92.56,328.76,34.1,0.596,8.627,528.05,98.93,6.458
75.11,107.57,35.16,0.748,9.862,674.0,98.304,4.984
80.74,678.59,25.8,0.869,10.57,342.17,98.354,4.414
70.9,660.69,46.46,0.671,10.671,333.37,97.897,4.397
114.51,173.12,53.74,0.784,6.314,589.7,96.865,5.849
95.0,503.8,56.94,0.445,7.084,417.4,97.526,8.148
84.05,424.79,50.25,0.506,9.251,470.71,98.095,6.401
87.72,183.1,52.53,0.651,9.226,590.48,98.535,6.096
116.84,786.4,37.53,0.41,6.641,226.7,97.275,7.437
69.2,250.29,51.29,0.526,9.866,574.91,97.205,5.264
95.17,147.06,25.18,0.659,9.531,600.21,97.976,6.097
90.35,516.39,29.92,0.407,10.047,408.53,98.722,6.999
96.69,617.21,25.85,0.532,8.924,341.78,98.931,5.993
61.09,122.71,33.37,0.657,11.109,690.21,97.914,4.715
112.33,561.1,24.28,0.687,8.258,366.14,97.48,5.913
115.93,472.6,58.08,0.863,6.4,426.85,95.954,4.182
93.91,172.29,25.64,0.723,9.425,592.31,99.141,6.437
101.8,220.77,14.9,0.607,9.07,562.28,97.665,6.228
115.35,497.58,36.34,0.865,7.612,404.07,97.038,4.007
102.43,307.45,12.85,0.792,9.611,513.79,97.558,4.73
69.15,756.82,15.53,0.5,11.534,290.48,97.364,5.487
94.58,673.12,20.97,0.465,9.545,315.67,98.118,7.632
96.4,788.5,33.22,0.738,8.308,254.51,98.881,4.27
85.45,281.77,31.66,0.68,10.059,566.47,98.648,5.289
104.19,778.81,49.98,0.795,7.299,259.07,97.029,4.267
116.06,401.86,46.97,0.769,6.423,457.49,97.359,5.553
115.53,343.26,31.32,0.713,7.392,489.83,97.649,5.431
87.05,135.24,26.69,0.893,9.986,641.87,99.469,3.677
66.79,136.94,25.82,0.667,11.923,654.02,98.088,5.101
119.09,584.41,48.7,0.457,6.411,340.85,96.286,6.908
110.33,420.55,12.6,0.814,8.725,451.45,96.911,4.605
67.48,258.57,10.64,0.526,12.533,590.64,96.567,5.666
115.25,529.78,49.78,0.789,6.688,393.04,97.18,5.636
112.19,277.0,33.86,0.879,7.425,527.25,98.167,4.536
91.13,504.34,16.54,0.748,10.057,427.53,98.531,4.261
95.48,351.45,21.78,0.698,9.423,500.39,98.468,5.139
83.94,676.49,56.63,0.63,8.845,328.97,97.064,5.248
63.29,674.49,52.98,0.582,10.316,344.29,96.54,4.43
80.11,434.15,45.49,0.577,9.333,467.37,98.46,6.522
108.17,345.57,34.11,0.718,8.644,502.9,97.967,5.943
60.28,353.79,36.02,0.776,11.986,540.17,97.0,4.913
80.01,664.0,58.76,0.739,8.579,342.71,97.14,4.697
83.89,329.73,58.29,0.499,8.753,510.97,96.937,5.306
92.24,246.34,20.76,0.647,9.824,561.06,98.464,6.484
115.19,159.28,50.56,0.796,6.652,587.53,96.713,4.938
80.78,426.69,19.86,0.638,10.791,466.96,98.757,4.971
80.82,437.49,20.68,0.668,11.177,468.21,98.761,5.247
104.25,688.64,43.8,0.786,7.844,302.71,97.926,5.372
87.13,254.87,30.25,0.731,9.711,566.66,98.858,5.631
73.48,366.69,56.58,0.605,9.891,515.65,97.199,5.928
87.15,665.88,14.45,0.848,10.653,328.41,98.195,3.835
68.45,676.54,35.58,0.481,10.938,336.9,98.055,5.641
70.58,369.23,55.93,0.898,9.952,522.76,96.645,3.829
89.9,421.39,55.21,0.459,8.148,473.1,97.304,6.555
85.14,312.3,17.83,0.407,10.424,531.3,97.965,7.39
114.89,752.79,28.33,0.845,7.411,256.66,97.808,4.89
81.74,183.05,40.96,0.522,9.269,611.7,99.195,6.613
94.84,753.62,17.97,0.765,9.345,291.57,98.089,3.291
97.94,578.71,58.4,0.806,6.93,381.37,96.754,4.611
60.79,472.1,55.74,0.829,10.247,476.25,96.046,3.712
99.81,122.86,18.35,0.896,9.297,635.13,98.55,4.583
70.68,432.92,16.06,0.547,11.748,490.13,96.903,5.321
117.66,385.42,14.27,0.755,7.991,469.4,96.826,4.775
68.92,212.85,55.47,0.458,8.908,609.14,96.649,6.651
84.88,559.49,19.68,0.603,11.037,402.07,98.158,5.339
65.12,779.81,30.81,0.824,11.931,282.11,97.441,3.866
119.81,493.53,32.44,0.584,7.146,383.42,97.318,6.064
90.13,600.33,39.95,0.696,9.764,368.46,98.863,5.737
95.72,147.92,13.59,0.652,9.467,615.63,97.806,6.356
64.02,392.37,21.34,0.723,12.783,507.91,97.045,4.699
105.0,181.45,56.57,0.886,6.651,597.09,96.907,4.493
72.59,528.96,55.42,0.428,9.645,404.53,96.809,6.782
113.88,756.94,49.06,0.687,6.133,253.12,97.02,5.595
72.31,563.24,10.97,0.832,11.922,404.32,96.777,4.013
71.44,153.76,26.35,0.641,11.314,626.13,97.759,5.952
62.19,348.27,41.4,0.439,11.025,545.82,98.111,6.973
88.32,485.46,23.76,0.68,10.236,422.62,98.337,4.573
93.89,382.25,55.48,0.566,7.924,478.95,97.528,5.574
63.94,683.55,41.69,0.477,10.734,347.43,96.948,5.34
106.53,670.27,13.6,0.825,8.818,320.22,96.747,3.762
87.2,528.28,55.45,0.661,8.774,401.17,97.606,5.219
91.46,361.42,57.89,0.867,7.787,509.41,97.38,4.568
86.45,278.74,13.89,0.803,10.997,557.04,98.297,4.621
84.05,174.11,36.62,0.746,10.158,634.13,99.107,4.761
93.58,348.43,25.17,0.403,8.709,502.97,98.605,7.671
69.31,389.22,29.64,0.614,11.61,505.23,97.875,5.384
70.92,573.08,18.98,0.499,12.351,390.43,98.066,6.024
111.71,560.71,38.9,0.855,7.476,365.73,98.284,5.118
116.77,149.08,57.9,0.487,6.15,580.54,95.188,7.201
82.4,376.68,35.15,0.543,10.228,509.36,98.878,7.043
76.24,227.25,14.15,0.658,11.28,592.4,97.581,5.123
98.64,209.77,41.0,0.532,8.291,579.2,98.5,7.572
84.52,679.11,27.01,0.505,9.513,336.28,99.004,5.494
61.52,129.34,52.8,0.7,10.704,646.87,96.702,5.163
69.37,393.43,31.73,0.444,11.196,510.74,98.062,6.006
102.96,217.74,19.64,0.429,9.116,563.8,97.885,7.827
99.54,715.53,19.56,0.586,9.661,294.93,98.651,5.519
61.63,489.93,48.44,0.76,10.566,452.75,97.21,4.326
73.32,261.97,23.28,0.677,10.961,570.03,98.221,4.815
73.86,451.7,48.36,0.611,10.614,469.83,97.403,5.826
100.31,612.04,20.29,0.683,9.105,369.69,98.38,4.969
61.18,770.68,26.08,0.583,12.056,302.71,97.442,5.798
66.25,254.31,33.27,0.868,11.27,602.14,97.25,3.364
107.99,720.33,57.16,0.427,6.302,276.34,96.551,6.202
70.71,754.01,56.59,0.737,10.384,294.0,96.701,4.716
99.16,741.49,20.34,0.846,9.092,276.18,98.342,3.872
74.29,544.79,27.91,0.802,10.451,412.3,98.277,4.126
65.97,540.87,17.47,0.492,11.816,404.01,97.009,5.665
74.59,382.25,35.5,0.548,9.622,497.71,98.951,5.165
103.34,626.68,33.03,0.759,8.049,336.58,98.537,4.85
111.34,471.91,55.04,0.442,6.086,411.7,96.782,7.735
109.81,574.21,56.5,0.806,6.879,366.09,96.369,5.288
83.83,399.92,29.18,0.759,9.793,490.95,99.185,4.836
100.09,612.05,34.59,0.765,8.848,352.35,98.833,5.357
72.3,677.13,54.81,0.45,10.17,330.9,97.13,5.538
77.59,202.51,50.34,0.759,9.816,591.15,97.977,4.633
113.78,683.05,10.18,0.74,8.524,294.92,96.468,5.351
60.78,478.21,26.0,0.815,12.139,460.3,96.529,3.779
65.13,691.27,31.09,0.421,10.751,337.24,97.299,5.963
72.47,401.91,21.49,0.412,11.198,499.04,98.013,5.978
61.59,365.33,19.98,0.587,11.905,535.13,96.266,4.307
70.89,740.54,11.89,0.474,12.155,307.15,96.661,6.24
94.98,275.82,42.17,0.679,9.526,543.52,98.719,5.67
85.29,690.95,23.13,0.859,10.478,319.66,98.516,4.314
113.56,438.81,12.62,0.596,7.667,426.31,96.334,6.039
109.05,459.87,21.55,0.822,8.301,417.67,97.989,4.43
80.51,315.93,50.1,0.4,9.224,539.94,98.236,6.897
75.57,501.13,52.57,0.484,9.506,432.08,97.214,6.532
82.78,327.65,34.15,0.415,9.502,513.26,98.646,6.721
95.42,127.49,30.8,0.564,9.094,618.54,98.657,6.797
76.08,290.4,58.89,0.854,8.728,553.44,96.153,3.604
97.45,104.47,20.03,0.448,8.959,633.77,98.288,7.073
84.56,784.85,20.77,0.703,10.666,276.77,98.79,4.652
93.12,776.02,24.59,0.626,9.102,261.28,99.044,5.945
86.17,376.61,18.64,0.869,10.651,482.98,98.18,4.235
77.67,609.86,28.97,0.461,9.929,367.54,98.217,7.049
116.91,342.06,55.54,0.506,6.728,479.34,95.896,6.286
105.82,569.77,40.77,0.415,7.311,361.77,98.425,7.123
68.41,663.8,30.6,0.617,11.093,345.11,98.155,5.092
112.11,762.73,56.72,0.539,6.489,254.55,96.327,6.556
89.25,380.15,12.42,0.835,10.264,495.61,98.119,3.988
113.67,648.31,20.51,0.702,8.149,317.94,97.146,6.253
107.99,286.15,38.29,0.707,7.888,528.52,98.194,5.638
85.51,793.23,40.78,0.666,9.704,258.46,99.334,4.378
61.35,118.04,11.98,0.446,12.944,663.48,95.859,6.425
76.12,522.47,30.15,0.623,10.521,434.57,98.246,5.108
92.5,561.65,42.46,0.9,8.689,395.26,98.677,5.281
98.01,581.63,44.9,0.818,9.099,379.18,98.265,4.998
75.47,184.27,41.91,0.847,10.501,631.18,98.649,4.27
68.36,756.97,26.03,0.812,11.104,304.92,97.781,3.685
110.1,226.83,14.68,0.452,8.634,558.23,97.099,7.741
119.06,535.93,31.36,0.514,6.927,358.73,96.933,7.262
91.54,255.87,16.44,0.402,9.921,555.66,97.375,5.71
70.3,315.05,57.38,0.552,9.181,545.04,96.686,6.102
76.34,482.52,33.76,0.454,10.177,456.12,98.636,6.332
61.1,392.04,25.86,0.636,12.734,521.19,97.395,4.356
114.86,212.16,48.32,0.739,6.849,554.35,96.845,6.094
67.07,219.66,34.9,0.837,10.145,613.35,97.899,5.221
94.59,392.7,25.5,0.775,9.877,482.56,98.954,5.13
76.44,630.1,50.6,0.869,10.051,370.5,98.406,4.233
93.25,728.58,53.36,0.427,7.856,278.52,97.687,7.477
99.09,158.89,43.65,0.406,8.299,603.06,98.508,6.971
109.78,375.17,12.35,0.731,8.475,472.42,96.811,4.508
72.39,170.17,38.32,0.545,10.269,629.11,97.878,6.338
60.66,111.61,48.16,0.527,11.496,667.69,97.02,5.817
68.21,563.2,16.83,0.565,11.763,402.22,97.5,4.721
114.0,521.71,21.43,0.535,7.221,394.05,97.532,6.51
112.43,214.11,54.12,0.656,6.47,550.94,96.561,6.464
95.84,263.67,11.01,0.62,9.937,541.47,97.588,5.858
96.03,116.6,47.64,0.656,8.612,632.0,98.587,5.473
99.9,684.46,33.69,0.736,8.55,305.34,99.316,4.784
70.52,782.28,32.34,0.594,10.751,272.86,98.585,5.057
114.86,194.82,10.35,0.526,8.869,565.57,96.104,5.984
85.13,262.03,50.97,0.483,8.835,547.17,97.603,6.471
82.99,707.89,27.99,0.575,9.834,302.61,98.856,4.831
91.14,748.52,37.04,0.771,9.551,300.66,99.11,4.778
62.82,393.74,43.87,0.778,11.092,517.51,97.613,3.412
69.98,135.44,45.13,0.733,10.366,647.25,98.347,5.37
104.28,127.57,57.8,0.517,6.994,617.32,96.66,6.651
64.97,501.76,36.57,0.694,10.754,452.44,98.479,4.362
96.19,375.03,29.99,0.685,8.8,495.65,98.374,5.584
74.72,120.06,57.69,0.642,9.332,653.71,97.005,5.089
83.36,508.28,42.11,0.675,9.351,433.26,98.507,5.248
77.32,107.91,24.91,0.646,11.272,642.41,97.931,5.197
81.34,651.16,16.32,0.683,10.968,338.09,97.952,4.601
103.14,314.5,52.13,0.758,7.711,516.97,97.179,5.405
77.83,128.18,28.11,0.455,10.509,645.42,98.521,6.13
93.98,511.85,43.02,0.775,8.985,407.56,98.769,4.087
88.56,378.38,33.54,0.468,9.537,491.54,99.262,6.709
99.82,781.66,19.95,0.433,9.152,246.11,97.693,6.601
116.21,480.94,40.08,0.888,6.96,409.89,97.799,4.599
103.95,292.67,13.03,0.878,8.914,537.59,97.496,4.679
72.9,596.61,30.67,0.43,10.967,387.83,98.659,6.309
61.87,290.04,37.33,0.622,11.354,563.36,97.352,5.522
75.74,732.97,31.8,0.493,10.298,292.94,98.168,5.872
95.7,362.31,47.43,0.643,8.607,491.2,97.973,4.692
63.09,484.91,51.4,0.815,10.128,461.68,96.44,3.012
89.78,135.4,48.56,0.875,8.483,628.13,98.593,5.372
95.81,398.28,11.94,0.717,10.364,483.99,98.025,5.215
80.05,682.65,19.71,0.577,10.91,330.52,98.062,5.932
106.25,663.95,36.83,0.702,7.849,319.62,98.61,5.078
66.4,257.02,56.74,0.556,10.118,573.92,95.912,5.706
64.51,258.26,51.75,0.855,10.58,600.74,97.007,3.676
103.69,672.11,52.13,0.835,6.742,294.32,97.823,5.623
89.73,751.28,25.16,0.679,9.628,288.78,98.389,5.095
101.3,166.75,31.47,0.562,9.137,603.86,98.608,6.218
86.09,415.04,33.54,0.547,9.336,469.43,99.162,5.201
74.78,336.22,17.87,0.417,11.122,537.1,96.851,7.646
109.15,709.48,11.55,0.808,8.716,289.96,97.296,4.544
107.96,158.47,57.35,0.625,6.648,595.21,96.656,6.622
101.68,247.79,22.04,0.563,8.699,553.35,98.495,6.838
76.33,626.73,22.0,0.636,11.179,389.71,98.145,4.855
95.41,135.91,14.17,0.809,9.98,636.09,97.392,5.252
81.66,444.77,56.43,0.462,9.094,464.53,97.414,6.112
65.49,409.47,38.99,0.829,10.639,495.72,97.886,3.432
115.04,334.08,43.35,0.849,6.748,495.0,97.472,5.456
68.21,376.2,55.58,0.873,9.936,513.65,97.164,3.669
117.01,470.96,27.28,0.599,7.637,417.6,97.57,6.536
86.76,212.96,41.08,0.509,8.841,586.8,99.343,6.676
71.11,500.4,11.94,0.587,12.257,431.41,96.946,5.72
92.51,663.8,19.34,0.566,10.276,327.24,98.148,5.009
112.38,632.11,51.56,0.488,6.183,317.26,96.784,6.394
103.93,207.73,48.34,0.704,7.283,574.56,98.052,5.487
108.39,204.47,27.53,0.638,7.931,562.0,98.482,5.718
99.53,287.72,28.84,0.833,9.899,536.27,98.394,4.92
101.54,352.75,36.68,0.416,7.996,495.16,98.564,7.775
110.95,385.92,10.01,0.722,9.511,466.45,96.982,6.174
74.98,575.79,22.06,0.781,10.626,394.32,98.2,4.065
89.37,139.68,20.41,0.78,9.668,631.17,98.847,5.115
73.27,124.27,22.52,0.843,10.99,663.59,98.378,4.506
119.26,374.34,50.3,0.765,5.836,456.58,96.655,5.734
116.64,588.01,23.98,0.864,7.621,354.02,97.125,4.122
62.37,235.4,19.58,0.566,11.918,611.66,96.678,6.524
102.33,549.05,35.21,0.652,7.92,387.86,98.667,6.051
115.51,281.88,53.28,0.407,6.68,513.88,95.824,8.063
70.83,720.26,22.07,0.403,11.84,316.44,97.728,6.877
94.08,726.98,13.93,0.52,10.313,292.3,97.839,6.301
114.93,308.1,27.82,0.45,7.759,506.43,98.043,6.774
62.04,261.0,47.38,0.53,10.864,569.85,97.068,5.73
101.85,387.91,37.53,0.489,7.923,458.18,98.75,5.892
77.84,268.37,50.84,0.414,8.974,570.25,98.112,7.01
115.46,570.67,57.98,0.855,6.266,350.45,95.587,4.526
118.26,678.25,49.63,0.404,5.709,294.52,96.326,7.242
116.66,571.16,40.19,0.768,10.622,439.06,93.828,9.054
88.45,677.05,34.67,0.476,9.794,313.14,98.903,6.007
111.72,377.89,12.0,0.856,9.479,476.0,97.099,4.594
110.67,209.42,59.22,0.846,6.597,569.35,96.443,4.937
79.15,616.57,29.17,0.727,10.87,386.03,98.352,3.685
109.73,352.33,17.61,0.736,8.463,482.11,97.582,5.293
62.22,569.89,43.34,0.403,10.441,417.16,97.224,5.016
95.78,289.45,24.21,0.892,9.64,543.16,98.898,3.979
73.8,156.86,39.29,0.839,10.611,633.44,98.323,4.713
67.23,794.81,39.34,0.848,10.937,287.16,97.731,3.688
64.62,209.34,32.29,0.73,11.338,621.38,97.703,4.408
101.78,791.89,51.81,0.572,7.824,246.7,97.605,5.83
80.39,784.1,23.25,0.847,10.266,277.35,98.993,3.205
103.49,655.67,32.43,0.546,7.954,315.69,99.099,6.138
63.92,561.6,36.88,0.681,10.843,407.72,98.153,6.094
78.92,504.46,43.18,0.45,9.696,433.62,98.696,7.298
92.37,706.27,49.2,0.861,7.974,306.92,98.059,4.002
107.44,302.61,29.74,0.47,7.785,511.28,98.101,7.104
79.13,427.38,42.3,0.512,9.426,474.64,98.588,5.591
97.55,533.57,17.53,0.679,9.419,399.32,97.949,4.942
113.16,387.83,56.63,0.782,5.755,453.27,96.447,5.364
96.95,399.24,29.15,0.71,9.034,484.08,99.089,5.019
73.98,331.2,46.48,0.516,10.412,533.6,98.167,6.504
61.46,494.96,11.02,0.4,12.706,447.82,96.086,7.116
112.21,695.4,20.26,0.779,8.861,298.34,97.253,5.044
61.28,241.07,34.35,0.893,12.182,607.48,97.864,3.68
112.48,754.1,53.91,0.805,6.858,268.72,96.503,3.825
91.74,582.36,36.36,0.63,9.062,378.78,98.688,5.846
116.34,676.29,56.49,0.852,6.132,308.87,96.154,3.967
107.93,489.33,34.19,0.605,8.143,420.92,98.653,5.831
119.88,645.66,34.52,0.662,6.726,320.03,97.278,6.257
81.04,111.34,15.99,0.639,10.156,651.04,97.951,6.193
106.03,672.87,50.13,0.624,7.395,301.07,97.672,5.472
84.12,128.1,22.35,0.788,9.937,655.61,98.697,4.624
88.79,722.94,54.98,0.663,7.962,296.73,97.305,4.723
97.65,794.37,55.54,0.558,7.579,244.61,96.981,5.21
112.42,305.85,57.17,0.529,6.269,492.03,96.119,6.451
119.05,247.22,36.01,0.419,6.237,531.67,97.114,6.814
106.1,635.75,43.85,0.692,7.593,333.24,98.131,5.678
85.07,277.12,48.93,0.515,9.289,539.26,98.414,6.532
85.28,705.89,16.55,0.474,10.041,311.31,97.966,6.436
104.25,171.99,40.05,0.727,8.384,589.43,98.632,5.074
74.33,188.17,11.71,0.741,11.066,639.84,97.122,4.257
66.63,785.41,34.88,0.776,12.006,280.7,98.61,3.917
81.28,571.69,17.74,0.652,10.642,387.6,98.16,5.175
77.23,692.82,19.15,0.847,11.176,322.97,98.898,3.696
77.78,327.03,28.25,0.868,9.869,548.21,98.885,3.875
74.02,573.54,31.62,0.804,10.714,397.13,98.559,4.94
62.53,515.97,41.16,0.718,11.247,436.85,97.208,4.641
61.07,522.21,13.72,0.552,12.559,442.84,95.727,6.373
119.26,577.77,35.18,0.891,6.742,344.57,97.016,5.093
85.67,502.75,19.13,0.537,9.973,428.52,98.048,6.84
83.06,400.34,38.7,0.501,10.023,497.7,98.91,5.716
100.78,293.15,41.87,0.621,8.043,531.95,98.357,6.293
73.1,638.01,37.84,0.428,11.005,361.81,98.398,6.037
117.0,258.39,46.91,0.889,6.351,541.41,97.397,3.914
107.18,584.65,26.78,0.694,8.121,373.22,98.241,6.142
65.36,263.33,48.26,0.678,10.888,593.7,97.907,4.826
85.05,537.73,31.64,0.728,9.183,411.67,98.659,4.268
112.75,622.95,34.21,0.649,6.979,339.23,97.857,5.534
116.68,253.1,42.41,0.416,7.109,521.17,96.963,7.186
88.04,141.96,10.92,0.706,10.154,634.5,97.79,5.035
96.8,191.68,42.7,0.758,7.62,583.36,98.023,5.085
70.02,524.2,40.93,0.608,11.282,425.37,97.681,6.091
119.47,694.61,25.49,0.779,6.844,263.98,97.044,4.69
73.9,131.5,14.29,0.514,11.601,649.79,97.811,7.095
116.56,613.91,14.55,0.511,8.128,325.47,96.487,7.078
98.98,338.92,56.16,0.481,6.294,509.79,96.774,6.955
96.46,434.97,44.46,0.586,8.129,454.89,98.153,6.352
90.76,750.2,16.36,0.824,10.348,293.66,98.721,4.131
73.84,332.38,27.84,0.814,11.087,529.39,98.339,4.904
70.59,425.74,39.62,0.591,10.91,492.01,97.916,5.721
73.23,109.58,51.78,0.695,9.606,680.33,98.004,4.355
71.19,157.12,12.18,0.76,12.209,646.1,97.327,4.852
106.78,281.01,21.83,0.521,8.247,532.0,98.326,7.123
81.01,119.5,54.49,0.484,8.376,646.0,97.215,6.452
63.47,541.96,10.46,0.886,14.929,519.34,91.993,8.57
118.15,398.48,20.07,0.709,7.173,458.23,96.904,5.405
113.03,483.7,57.95,0.891,6.731,401.78,96.25,3.744
115.67,222.25,40.67,0.569,6.278,546.17,97.51,5.903
119.69,307.15,23.08,0.752,7.605,487.64,97.353,4.809
70.43,564.68,13.35,0.511,11.745,397.18,96.47,6.111
83.77,775.71,11.41,0.531,10.846,275.79,97.681,4.471
105.49,135.29,22.24,0.656,9.191,615.1,97.796,5.706
101.76,723.27,54.07,0.56,7.148,284.97,97.618,5.57
69.23,503.82,30.8,0.484,11.311,439.62,97.971,5.837
108.95,494.74,46.02,0.531,7.158,389.52,97.438,5.567
73.47,450.19,55.91,0.418,9.392,460.33,96.756,6.714
73.43,148.58,30.4,0.752,11.751,636.7,98.107,4.17
92.22,162.91,19.56,0.646,9.262,605.25,98.43,6.371
95.58,520.64,35.86,0.447,9.211,406.57,98.585,6.397
94.81,338.67,55.4,0.486,8.054,498.71,97.658,6.595
65.49,742.09,50.22,0.451,10.193,299.79,97.192,5.862
112.65,384.61,13.29,0.706,9.187,448.81,97.27,5.753
75.94,200.3,44.63,0.447,9.089,601.37,98.321,6.654
67.77,600.3,38.59,0.777,10.673,381.61,98.256,3.879
113.32,305.35,55.37,0.41,5.805,503.48,96.664,7.671
117.34,467.83,16.12,0.525,8.129,403.34,96.321,6.964
111.73,588.48,36.7,0.845,7.035,356.88,97.613,4.192
108.57,730.18,53.97,0.759,9.517,351.31,92.595,12.35
99.31,654.53,30.5,0.436,8.586,336.21,98.254,7.309
93.05,573.45,34.1,0.811,8.902,385.8,99.803,4.777
65.22,575.74,13.52,0.647,12.456,389.52,97.06,5.316
84.51,762.15,23.91,0.823,10.184,273.41,99.429,4.074
82.36,307.08,26.23,0.7,9.874,541.49,98.805,4.67
75.59,100.78,57.26,0.741,10.433,659.26,97.201,4.561
103.41,290.37,24.13,0.897,8.595,507.89,98.347,4.557
89.75,252.52,33.04,0.516,8.435,570.97,99.215,6.917
64.86,563.28,43.57,0.712,10.509,418.81,97.225,5.855
73.21,543.6,18.11,0.63,10.92,418.68,97.0,5.631
101.0,515.42,34.32,0.42,8.661,393.91,98.383,6.401
64.57,111.37,46.93,0.407,10.739,670.14,96.744,6.353
111.07,610.14,53.34,0.46,6.744,331.29,97.183,7.993
89.71,326.47,41.31,0.725,8.827,524.31,99.417,5.013
88.84,565.54,43.45,0.684,8.814,380.48,98.318,5.133
95.54,489.6,16.31,0.677,12.454,486.95,95.703,11.532
109.48,339.91,57.29,0.416,6.469,475.32,96.617,8.137
80.87,194.2,16.63,0.635,11.224,615.27,97.533,5.865
100.68,166.09,48.73,0.862,7.902,603.77,98.029,4.286
93.94,682.06,23.24,0.599,9.702,311.72,98.461,5.107
76.02,742.88,56.68,0.712,9.498,301.22,97.349,4.656
112.72,554.85,46.0,0.79,7.273,378.51,97.113,4.982
107.85,172.4,47.69,0.792,7.341,601.35,97.732,5.649
99.51,381.42,20.95,0.66,9.333,482.62,98.143,5.924
111.03,610.26,32.15,0.829,8.234,337.16,98.29,4.504
112.04,645.87,40.89,0.596,6.905,319.33,97.699,5.749
102.5,182.75,48.5,0.844,7.286,606.26,97.905,4.721
110.22,100.02,15.2,0.52,8.104,633.32,97.034,6.708
101.85,598.5,58.12,0.54,7.181,361.14,97.405,6.133
100.81,349.62,54.51,0.427,6.596,498.25,97.163,7.115
97.12,278.14,23.52,0.798,9.479,548.93,98.361,4.428
105.16,109.03,51.14,0.609,7.169,634.41,97.7,6.658
69.52,478.21,35.92,0.515,11.251,449.59,98.123,5.64
112.85,695.81,33.09,0.516,7.203,277.98,97.405,6.045
112.31,770.34,25.72,0.851,7.903,255.2,98.552,4.196
61.75,496.02,39.05,0.817,11.801,450.33,97.417,3.958
109.55,460.12,46.49,0.677,7.668,417.72,97.555,5.712
67.73,159.54,30.55,0.708,10.994,635.72,98.144,5.158
80.11,484.21,41.46,0.637,9.782,461.49,99.185,5.744
104.61,365.99,44.97,0.596,7.679,483.2,97.599,6.804
69.65,524.99,45.56,0.858,10.557,436.1,98.031,3.864
109.08,372.11,12.6,0.463,8.678,461.55,97.487,6.498
109.93,268.21,52.99,0.609,7.252,516.39,96.996,6.14
90.45,166.48,32.91,0.572,8.534,602.49,98.604,5.707
60.38,320.44,23.12,0.649,12.04,567.5,96.822,5.841
77.22,167.65,22.09,0.629,11.086,627.17,98.379,6.598
97.02,223.83,34.15,0.659,8.912,575.95,99.297,6.085
118.87,791.14,54.34,0.47,6.455,235.6,95.698,7.196
97.91,410.87,28.92,0.657,9.398,460.48,99.057,5.733
75.59,472.31,47.49,0.521,9.621,461.72,97.588,6.095
98.04,711.53,14.84,0.492,10.082,288.12,97.319,5.498
92.4,796.9,33.8,0.432,8.762,260.33,98.743,6.42
106.79,507.9,59.58,0.781,7.084,407.97,96.809,4.499
66.42,668.73,48.52,0.614,11.169,334.79,97.345,5.118
105.66,328.86,20.53,0.713,9.221,498.07,98.108,5.475
92.48,314.02,35.07,0.764,9.12,513.23,99.129,5.926
117.78,381.89,21.68,0.74,7.583,471.62,97.372,5.994
80.51,570.76,30.48,0.635,9.614,391.82,98.648,5.37
97.96,577.53,49.0,0.594,8.016,352.61,98.308,5.684
115.92,320.67,48.56,0.588,6.029,498.13,96.586,7.308
66.15,193.25,21.41,0.72,11.536,619.89,98.121,4.795
116.23,542.68,56.11,0.647,5.614,361.22,95.718,6.063
101.27,189.83,39.63,0.825,7.98,602.18,98.428,4.909
64.07,504.94,29.0,0.837,11.665,450.69,97.945,3.55
78.06,585.4,35.1,0.485,10.256,380.73,98.707,6.082
102.49,590.43,40.25,0.468,7.688,353.13,98.525,5.67
64.04,627.43,37.99,0.715,11.619,364.96,97.808,3.588
94.93,711.0,34.32,0.551,8.771,287.06,98.572,6.059
80.75,449.97,35.25,0.409,9.585,466.11,99.233,7.493
97.25,611.17,18.82,0.844,9.622,353.46,98.617,4.442
62.74,533.42,50.64,0.513,11.388,428.49,97.127,5.281
112.29,230.65,37.09,0.865,7.556,538.16,97.85,4.106
118.41,117.98,16.55,0.759,7.782,597.34,96.673,6.09
118.13,299.18,48.31,0.781,5.757,513.38,96.765,5.092
104.98,410.12,56.62,0.501,6.833,458.21,97.143,7.007
67.81,531.97,57.37,0.517,9.956,438.25,96.732,5.916
105.5,694.97,28.45,0.661,8.181,309.71,98.479,5.69
61.48,237.37,16.78,0.486,15.623,694.73,92.092,9.208
61.33,187.88,35.92,0.553,11.123,633.12,97.943,5.914
79.42,774.44,15.63,0.561,11.615,273.32,97.973,5.39
89.32,175.63,56.7,0.48,8.737,619.75,97.137,6.414
106.22,434.94,19.18,0.503,8.339,449.29,97.892,6.192
101.0,509.89,22.64,0.794,9.296,410.71,98.015,3.552
86.75,478.96,30.33,0.484,9.217,436.41,99.209,6.264
76.42,160.22,29.16,0.414,11.115,636.91,98.072,7.642
119.83,139.92,49.73,0.715,6.24,597.89,96.265,6.334
85.57,173.84,32.82,0.888,10.16,629.19,99.183,4.323
87.08,509.91,18.54,0.566,9.59,401.08,98.603,5.471
69.82,481.04,23.36,0.459,11.655,453.9,97.877,6.658
107.69,263.62,35.46,0.685,7.815,533.54,98.525,5.719
101.62,546.44,17.37,0.853,9.598,403.52,98.039,5.154
73.25,674.05,40.58,0.792,10.715,355.64,98.434,3.548
64.94,129.11,38.29,0.711,11.13,662.45,97.844,4.527
100.83,448.69,45.74,0.558,7.574,451.32,98.181,5.799
99.27,582.52,56.89,0.671,7.727,382.18,96.656,4.636
76.4,276.62,55.61,0.446,9.217,560.31,96.923,6.109
117.05,315.44,57.3,0.739,9.303,615.08,92.278,12.243
69.06,529.55,22.24,0.763,11.224,429.03,97.788,3.92
85.94,728.55,16.58,0.883,9.97,300.72,98.201,1.767
116.62,666.95,25.11,0.53,7.37,308.53,97.165,7.021
85.18,508.19,54.75,0.409,9.011,415.54,97.262,5.898
98.31,611.16,58.6,0.673,7.478,353.51,96.803,5.613
83.86,355.38,52.97,0.753,8.657,524.41,97.797,4.817
76.45,548.68,15.5,0.795,11.669,411.89,97.773,5.268
119.04,426.33,57.37,0.497,5.424,418.03,95.496,7.472
84.56,232.96,31.17,0.531,9.874,580.19,98.844,6.021
113.65,591.22,10.47,0.656,8.51,343.33,95.976,5.393
73.8,489.53,32.12,0.565,10.971,450.41,98.076,6.346
72.79,351.04,12.3,0.83,11.18,534.43,97.967,3.385
61.87,737.94,37.19,0.637,11.042,325.77,97.152,4.774
99.1,114.65,26.93,0.8,8.31,640.09,98.616,5.003
82.11,321.04,33.67,0.69,9.851,541.91,99.094,5.008
111.86,139.82,40.66,0.787,7.739,598.51,97.995,5.555
88.39,636.57,53.44,0.566,8.224,352.25,97.942,5.828
118.09,591.48,43.1,0.816,6.438,363.41,96.991,5.105
71.13,331.95,31.7,0.537,11.234,530.16,98.37,5.936
112.12,572.96,50.97,0.673,7.111,375.24,97.04,5.84
106.6,377.16,55.28,0.507,6.825,467.62,96.786,6.759
106.26,629.38,15.99,0.638,9.165,327.56,97.61,5.339
110.69,417.93,36.6,0.559,7.052,448.47,98.328,6.443
105.66,388.6,24.23,0.533,9.047,472.87,98.165,6.167
97.57,754.31,12.35,0.883,10.701,284.73,97.663,3.506
67.87,275.62,43.43,0.48,10.751,562.57,98.074,6.034
61.95,184.31,53.14,0.794,9.791,638.99,96.796,4.233
115.25,509.18,18.15,0.892,7.917,392.02,97.585,4.461
97.0,778.53,50.62,0.41,8.077,242.98,97.357,7.16
107.79,364.49,52.67,0.75,6.799,475.23,97.509,5.045
88.89,143.43,55.72,0.526,8.77,616.9,97.658,6.574
67.04,337.51,23.26,0.42,11.835,538.67,97.321,6.541
67.51,454.15,55.2,0.601,9.737,480.01,96.768,4.983
101.13,213.35,26.03,0.868,8.881,564.83,98.997,4.641
85.82,560.67,37.62,0.406,9.018,390.79,98.576,7.222
72.03,798.42,12.53,0.694,11.746,261.98,97.228,4.572
89.5,416.22,12.19,0.651,10.204,475.82,97.917,5.583
63.85,348.31,46.02,0.837,11.312,535.04,97.072,3.556
94.92,380.49,32.22,0.442,9.774,472.68,98.801,7.85
76.14,180.6,22.81,0.741,10.418,626.98,98.457,4.573
107.85,718.29,19.52,0.74,7.848,280.69,97.564,4.165
78.62,390.38,43.5,0.735,9.658,495.87,98.286,5.205
87.31,371.09,10.02,0.871,10.168,485.19,97.421,4.091
60.7,561.78,50.29,0.812,10.891,427.54,96.922,3.631
64.35,409.42,13.96,0.421,12.58,502.65,96.67,6.079
83.55,553.76,19.57,0.636,11.126,398.74,98.099,6.24
88.8,143.01,29.31,0.599,9.691,612.48,99.135,6.216
96.0,669.61,34.24,0.555,8.697,329.52,98.624,6.195
77.5,758.35,27.75,0.626,9.809,282.68,98.145,5.119
101.7,554.14,26.04,0.592,8.75,376.24,98.406,6.062
111.61,768.2,58.2,0.616,6.375,270.27,96.448,6.466
106.79,206.0,42.08,0.89,7.875,569.21,98.478,4.467
62.38,434.19,11.17,0.444,12.301,490.29,95.923,5.419
88.83,521.26,31.51,0.861,9.402,420.89,98.986,4.523
66.3,507.22,53.75,0.64,9.61,445.49,96.668,5.226
74.52,381.02,25.07,0.712,10.082,509.81,98.427,4.892
119.2,336.66,14.73,0.815,7.529,490.33,95.973,5.392
68.55,188.78,47.92,0.58,9.666,623.43,97.436,5.515
89.93,374.22,40.3,0.615,9.11,492.9,98.796,5.744
97.09,213.86,38.52,0.605,8.281,587.67,98.386,6.034
102.15,614.06,12.68,0.587,9.155,335.32,97.123,5.609
93.58,246.18,17.02,0.863,9.528,574.64,98.4,5.043
60.59,141.0,41.13,0.814,10.048,668.98,97.318,3.478
79.59,486.66,20.39,0.454,11.353,442.67,98.115,7.559
91.06,516.66,35.2,0.454,8.691,417.56,98.631,7.019
65.27,710.34,37.24,0.614,10.935,325.55,98.299,4.023
81.04,503.89,24.18,0.449,9.861,410.79,98.265,6.309
61.99,341.84,57.42,0.71,10.771,542.6,95.997,4.556
64.71,662.11,52.12,0.472,10.416,343.72,96.594,5.997
83.82,478.2,46.12,0.661,8.857,435.91,98.508,4.736
67.96,155.5,13.9,0.404,11.832,627.51,96.938,6.798
94.05,496.1,15.31,0.558,10.549,415.49,97.528,5.975
101.37,735.61,34.64,0.739,8.351,276.82,98.757,4.491
108.04,377.42,18.04,0.642,8.575,454.04,97.969,5.493
72.01,307.43,58.91,0.889,9.184,561.37,97.186,4.257
70.05,200.43,17.93,0.837,10.993,635.8,97.583,3.33
66.27,206.01,34.37,0.58,11.089,618.77,97.947,5.881
98.19,402.94,28.21,0.423,8.992,463.07,99.325,7.423
102.39,516.98,41.97,0.823,8.397,404.14,98.869,4.485
61.9,156.43,16.45,0.856,11.583,649.48,96.529,3.974
116.17,757.7,31.52,0.81,6.923,258.11,97.447,5.286
63.12,628.59,23.74,0.464,11.671,371.96,97.543,5.497
92.48,510.64,54.39,0.899,8.151,412.78,97.503,3.644
102.54,679.91,12.03,0.529,9.296,320.94,97.57,5.947
112.26,156.13,55.69,0.762,6.415,581.97,96.582,6.099
102.85,433.79,51.65,0.854,7.609,456.99,97.889,5.145
108.1,541.07,24.88,0.518,7.902,378.58,97.95,5.816
80.37,680.06,49.46,0.854,9.727,349.68,98.027,4.306
108.89,648.43,11.56,0.555,9.051,322.34,97.228,6.61
64.81,293.95,58.34,0.888,10.037,568.37,96.088,4.45
113.69,758.62,36.33,0.541,7.891,251.73,97.606,6.464
92.86,187.04,25.16,0.877,10.199,601.15,98.874,4.388
109.04,712.59,28.13,0.427,8.372,272.07,98.098,7.48
87.14,779.66,13.32,0.755,9.382,263.77,97.526,4.785
98.61,224.01,59.47,0.666,7.969,555.14,96.633,6.874
91.58,605.45,11.96,0.639,10.585,354.41,97.428,5.872
103.9,128.2,42.75,0.512,8.507,614.72,98.499,6.956
64.9,383.8,32.14,0.753,11.922,519.27,97.617,3.81
63.62,461.4,57.45,0.495,10.818,452.63,95.452,5.548
74.83,506.45,22.3,0.676,11.453,433.93,97.637,4.214
69.57,755.16,36.6,0.527,11.301,299.47,97.725,5.369
112.31,570.58,34.12,0.878,13.352,466.45,95.504,8.401
73.15,436.89,45.14,0.414,10.102,466.08,98.005,6.538
118.55,666.77,13.4,0.5,7.367,295.99,96.211,7.216
80.21,765.37,19.69,0.521,10.632,275.17,98.369,5.881
70.93,115.45,20.73,0.607,11.628,655.94,97.835,5.459
107.38,787.76,46.91,0.516,7.249,244.04,97.702,6.305
99.52,160.29,19.46,0.646,8.76,622.15,98.536,6.192
89.89,670.07,38.67,0.836,8.473,324.96,99.074,4.18
93.32,296.23,20.76,0.756,9.426,533.91,98.974,5.109
103.15,192.53,53.08,0.69,7.624,582.03,97.657,5.346
73.71,407.9,57.11,0.445,10.013,482.23,96.619,6.183
119.78,550.77,35.92,0.747,7.212,375.92,97.018,6.492
118.49,366.67,27.62,0.483,7.708,445.89,96.909,7.718
99.02,138.2,21.7,0.793,9.199,615.35,98.854,4.346
71.97,519.62,12.49,0.525,11.078,433.87,96.881,4.586
100.81,731.68,23.43,0.609,8.764,279.34,98.193,5.672
64.33,368.25,42.71,0.575,10.787,516.27,97.613,5.914
61.84,251.43,36.68,0.829,11.269,601.27,97.564,3.749
75.46,409.8,57.2,0.463,9.264,492.45,96.987,6.831
87.76,133.85,29.81,0.683,9.87,634.42,99.556,5.554
112.1,674.34,44.69,0.471,7.28,294.13,97.75,6.66
103.63,678.44,34.47,0.752,8.101,315.4,98.655,5.258
104.56,511.6,35.63,0.853,7.348,402.8,98.206,4.198
85.53,347.17,23.39,0.617,9.98,519.25,98.514,5.516
80.76,659.85,32.75,0.644,10.113,353.25,99.085,5.426
82.26,488.28,33.54,0.864,10.49,420.81,98.678,3.959
119.26,678.15,45.33,0.66,6.164,296.45,97.399,6.698
62.41,542.02,57.03,0.644,10.554,412.42,95.991,5.19
112.02,649.08,26.47,0.689,8.038,338.53,97.874,5.771
94.72,518.99,12.11,0.745,10.058,405.75,97.441,4.883
86.32,389.9,34.81,0.453,9.862,490.98,99.048,7.053
103.52,770.56,37.22,0.811,7.836,261.28,98.292,4.275
89.2,478.78,18.42,0.618,9.898,428.71,98.968,5.74
112.41,523.56,48.02,0.436,6.732,375.86,97.561,6.649
114.04,254.34,59.25,0.793,5.896,550.69,96.096,5.788
85.3,537.96,57.29,0.588,8.691,412.64,96.854,5.783
76.61,500.13,19.86,0.45,10.728,447.87,98.088,7.322
95.54,229.39,53.77,0.717,7.974,571.27,98.089,6.576
114.74,141.71,45.22,0.84,6.771,602.89,97.541,5.494
72.64,523.05,32.69,0.844,10.893,428.94,98.265,3.901
97.38,634.58,37.03,0.879,8.438,342.39,98.763,3.567
97.89,466.38,52.48,0.834,7.659,429.3,97.726,4.941
103.99,258.74,34.01,0.401,8.139,539.43,98.272,7.52
67.89,566.57,28.66,0.59,11.393,399.46,98.461,5.52
102.95,156.07,34.66,0.809,8.272,608.96,98.136,5.912
114.54,409.28,38.96,0.583,7.746,448.75,97.791,5.971
70.78,214.36,19.45,0.701,11.179,608.83,97.361,4.534
74.25,229.12,55.05,0.703,9.493,607.69,96.953,4.919
118.28,241.61,43.71,0.583,5.897,535.88,96.344,7.04
70.86,370.69,41.66,0.852,10.653,526.16,98.1,4.21
111.26,135.81,14.97,0.652,8.1,620.49,97.505,5.732
89.54,378.46,40.21,0.632,8.905,502.14,98.954,5.996
74.83,458.2,16.05,0.899,11.332,476.2,97.432,3.045
112.24,438.31,13.93,0.647,8.63,432.48,97.151,5.507
86.72,367.95,36.37,0.489,9.17,499.55,99.272,6.373
90.89,687.4,30.14,0.657,9.181,306.07,99.013,4.914
81.55,201.73,39.44,0.807,10.32,607.81,99.49,5.032
95.58,453.99,14.46,0.788,9.981,448.24,98.175,4.87
69.81,143.43,31.55,0.794,10.851,650.25,98.531,5.37
83.46,149.81,18.74,0.754,10.512,638.26,98.101,4.872
118.16,501.71,59.36,0.527,6.395,381.77,95.384,6.638
75.49,496.21,38.06,0.831,10.213,456.37,98.744,4.632
99.4,714.62,44.37,0.847,7.807,304.5,98.698,4.148
79.51,490.51,26.27,0.497,10.201,435.26,98.386,6.864
106.41,771.85,14.74,0.465,8.67,250.17,97.344,6.835
67.85,134.09,58.79,0.888,9.661,663.37,96.12,2.72
118.19,168.61,24.31,0.834,7.068,593.83,96.554,5.779
87.23,130.85,31.19,0.847,14.266,705.77,97.315,9.312
74.16,229.69,42.49,0.843,9.864,598.02,97.986,4.67
64.41,478.89,11.23,0.671,16.758,590.38,94.045,6.839
70.19,551.9,50.51,0.723,9.924,428.85,97.6,4.181
91.19,131.91,36.83,0.673,8.983,626.74,99.086,5.361
80.22,762.18,23.91,0.426,11.023,279.16,98.376,5.868
109.73,689.52,13.08,0.773,9.317,312.04,97.104,5.74
85.85,307.63,18.12,0.653,10.308,537.19,98.423,5.488
74.92,154.03,54.75,0.724,9.233,645.86,97.547,4.983
97.03,218.92,44.3,0.651,7.872,566.45,99.058,6.09
102.41,188.86,22.5,0.646,9.154,582.81,98.386,6.268
70.02,186.3,13.28,0.486,11.798,631.01,96.956,4.631
70.06,462.99,44.53,0.539,10.176,456.49,97.618,5.379
62.2,272.09,38.62,0.479,10.911,577.25,97.545,5.389
104.18,350.7,30.23,0.498,7.995,491.19,98.663,6.946
99.83,792.65,28.18,0.886,8.999,246.08,98.772,3.741
88.48,579.02,20.84,0.477,9.497,373.13,98.611,6.339
110.65,764.29,43.48,0.535,7.532,254.07,97.63,5.202
108.34,199.79,58.53,0.695,6.401,573.06,96.581,5.64
95.12,367.5,18.79,0.705,9.603,503.68,98.606,5.862
112.1,488.31,39.86,0.477,6.648,416.26,98.014,7.596
72.35,153.73,31.21,0.797,10.886,634.48,98.542,4.872
66.72,102.93,32.33,0.793,11.153,677.67,97.763,3.808
76.18,569.3,22.71,0.519,10.905,400.11,98.068,6.472
63.43,549.27,51.26,0.544,11.115,431.28,96.92,5.815
91.87,387.55,34.26,0.869,9.269,494.59,99.846,4.177
116.2,442.75,37.17,0.813,11.489,537.08,93.315,8.646
62.36,390.81,25.24,0.749,11.689,520.74,97.54,4.84
67.33,116.8,19.09,0.441,12.03,666.48,97.138,6.287
87.13,334.76,14.3,0.609,11.017,511.01,97.585,5.926
116.03,223.96,45.71,0.68,6.749,551.92,96.907,6.053
78.97,168.9,19.81,0.494,11.115,630.78,97.53,7.217
90.43,769.7,44.5,0.624,8.971,268.32,99.044,5.232
62.49,519.55,29.52,0.701,12.302,441.31,96.893,4.52
68.9,610.06,30.79,0.564,10.338,377.43,98.047,6.175
119.2,320.75,33.46,0.79,7.295,477.1,96.931,4.991
117.91,375.2,28.39,0.82,7.788,467.65,97.121,5.469
60.3,265.85,15.03,0.562,12.058,588.2,96.642,5.47
117.11,167.88,25.48,0.819,7.249,578.89,97.43,4.757
98.35,225.32,43.19,0.452,7.768,555.45,98.171,7.031
112.08,658.26,43.29,0.819,6.824,309.4,97.567,5.016
87.28,574.28,24.31,0.476,9.752,386.38,98.439,6.99
90.94,482.85,33.01,0.441,9.304,443.34,98.894,7.424
89.33,432.56,19.67,0.721,10.432,474.2,98.531,4.881
100.01,745.7,20.52,0.636,9.596,264.36,98.852,4.945
68.38,150.91,11.15,0.854,11.893,655.44,96.135,3.934
61.8,296.42,54.84,0.582,10.151,561.64,96.17,4.859
78.48,344.96,20.54,0.544,11.385,515.9,98.123,5.854
102.28,647.7,21.38,0.65,9.203,324.45,98.532,5.325
72.11,794.76,23.98,0.628,11.254,277.74,98.243,5.243
100.41,268.47,16.37,0.572,9.51,548.33,98.041,5.203
118.19,712.02,41.96,0.747,6.658,278.77,97.246,4.804
65.63,681.44,13.76,0.78,12.505,345.21,96.479,3.59
100.36,257.26,16.71,0.826,9.25,555.79,98.391,5.384
86.63,379.53,42.24,0.886,9.332,503.75,99.137,3.477
112.09,386.77,26.98,0.533,7.24,470.85,98.07,6.768
70.63,784.75,45.4,0.758,10.032,271.45,98.363,4.015
101.56,226.62,37.87,0.597,7.89,563.47,98.747,6.743
110.29,659.41,22.8,0.739,8.109,307.33,98.293,5.413
116.68,333.93,42.54,0.638,6.36,487.56,97.342,6.232
100.99,611.61,15.81,0.897,9.185,352.68,97.877,3.75
89.83,394.01,36.82,0.764,8.596,484.87,99.039,3.89
97.07,504.85,31.86,0.876,9.124,411.33,98.992,4.303
112.13,682.83,23.39,0.817,10.606,422.02,95.119,10.297
94.24,662.92,40.2,0.851,8.024,314.43,99.419,3.326
61.82,706.5,53.57,0.807,10.284,334.48,96.539,3.07
115.86,141.73,59.95,0.63,6.058,591.64,95.445,6.524
101.37,584.44,40.39,0.526,7.811,356.5,98.624,6.457
100.59,197.99,30.24,0.585,8.338,590.75,99.59,5.808
72.94,391.07,21.26,0.41,11.195,490.56,97.562,6.32
99.53,484.01,22.85,0.662,9.231,434.0,98.226,4.616
83.63,381.92,33.97,0.653,9.232,509.31,98.544,6.064
99.07,463.73,28.36,0.663,9.075,418.9,98.684,4.892
66.4,797.57,55.69,0.887,9.85,281.45,96.749,3.479
99.47,194.65,28.41,0.856,8.871,585.51,98.696,4.643
119.96,572.82,28.67,0.481,7.099,326.16,96.819,7.586
62.89,377.2,29.18,0.584,11.474,507.83,97.58,4.978
118.63,193.11,51.83,0.612,5.692,569.38,96.051,6.538
84.41,211.12,42.54,0.58,9.18,606.92,98.791,5.146
112.25,764.49,40.71,0.799,7.875,264.14,98.19,3.716
106.94,715.72,26.71,0.662,7.763,288.68,98.468,5.749
94.02,734.93,50.9,0.686,8.816,287.41,98.338,4.137
104.31,794.07,11.92,0.827,9.204,261.51,97.607,4.219
112.71,245.82,53.54,0.803,6.561,561.58,96.82,5.696
84.25,348.81,35.64,0.466,9.183,506.0,98.818,6.913
79.62,568.45,29.91,0.757,10.053,380.63,98.616,4.15
100.06,438.66,34.86,0.618,8.237,429.86,98.64,5.062
108.47,392.87,43.37,0.547,6.9,472.68,97.754,6.747
105.74,350.47,10.64,0.425,9.053,485.78,97.044,7.885
107.87,515.65,53.58,0.644,6.722,397.76,97.174,5.449
86.13,502.92,32.34,0.578,10.406,409.45,99.168,5.352
109.07,213.02,27.15,0.526,7.608,555.09,97.706,6.551
67.21,430.22,16.91,0.747,12.043,485.36,97.669,4.716
92.67,487.43,31.97,0.785,9.322,431.76,98.926,5.272
60.35,499.2,34.82,0.522,11.16,447.37,96.962,4.954
79.48,247.08,30.18,0.425,10.535,564.44,98.55,6.045
81.99,619.59,43.93,0.824,9.332,360.39,99.429,5.244
83.77,117.64,31.04,0.405,8.871,650.6,98.702,7.039
101.73,348.38,58.07,0.869,7.483,502.4,96.874,4.601
83.31,646.15,39.96,0.714,9.104,353.04,98.803,4.391
86.92,494.73,50.37,0.561,8.277,420.09,98.07,6.123
74.25,282.81,15.47,0.523,11.719,536.44,97.272,6.543
82.4,586.47,29.86,0.405,9.898,372.48,98.804,6.784
73.64,497.17,26.84,0.518,11.289,431.4,98.649,6.74
64.39,657.37,38.47,0.469,11.55,357.41,97.733,5.654
96.21,614.52,53.06,0.706,7.605,379.9,97.454,4.942
100.09,527.08,13.92,0.483,9.759,399.97,97.462,6.691
97.17,441.72,13.63,0.664,9.442,470.7,97.561,5.748
87.81,193.23,52.52,0.695,12.535,654.65,94.417,10.605
82.79,282.93,20.64,0.549,10.232,546.21,98.78,5.436
111.8,393.37,43.44,0.418,7.42,458.54,97.514,7.494
91.14,519.51,37.14,0.419,9.314,420.48,98.828,6.605
88.75,459.6,51.64,0.413,8.568,456.96,98.447,6.546
61.54,301.73,16.25,0.77,12.227,563.33,96.873,4.328
80.47,104.53,16.49,0.559,10.845,657.29,98.11,5.67
82.81,447.37,37.84,0.798,8.861,451.55,99.546,3.852
83.93,299.94,57.32,0.616,8.694,548.31,97.406,4.376
94.81,614.23,30.75,0.626,9.205,365.94,98.325,6.397
92.02,116.76,26.35,0.656,9.572,637.27,99.103,6.063
96.47,509.38,40.33,0.757,7.303,408.05,98.342,4.823
105.89,759.03,56.52,0.537,6.357,263.28,96.911,5.805
108.78,222.09,51.85,0.461,6.544,558.43,96.596,5.751
103.09,430.15,59.77,0.678,7.084,450.15,96.399,5.199
117.33,164.0,11.13,0.563,8.342,581.2,95.838,7.16
61.09,537.98,15.64,0.621,12.449,428.08,96.189,5.428
71.75,485.37,40.47,0.723,10.708,459.05,98.21,4.93
60.45,385.16,51.03,0.647,10.396,524.51,96.808,5.021
98.85,464.96,24.26,0.71,9.336,427.13,98.399,5.903
113.88,727.6,21.96,0.672,8.183,265.28,97.599,5.353
74.61,237.41,49.35,0.77,9.946,588.47,97.636,5.178
115.62,115.8,12.82,0.753,8.262,618.09,96.382,5.487
63.62,703.17,28.47,0.667,12.42,334.18,97.729,4.126
116.07,503.98,35.29,0.739,7.369,391.37,97.302,4.878
81.1,723.46,38.02,0.837,9.475,310.9,98.531,3.346
66.09,517.86,46.43,0.616,10.676,433.35,97.613,5.437
89.15,667.11,27.74,0.606,9.964,335.71,99.233,5.106
75.41,400.77,40.63,0.782,9.935,499.44,98.54,3.898
77.09,624.9,39.27,0.691,10.512,363.12,98.518,5.126
78.44,739.13,37.38,0.436,10.139,296.15,98.687,6.381
108.18,500.49,42.02,0.846,6.561,418.99,98.176,5.068
92.35,226.55,22.97,0.415,9.708,565.37,98.623,7.384
78.68,288.16,14.23,0.774,11.064,560.46,96.966,4.264
96.62,239.05,15.96,0.779,9.921,564.89,97.74,5.055
102.97,272.8,21.23,0.877,9.342,544.94,98.061,4.59
76.36,314.49,35.01,0.427,10.347,532.59,98.619,6.191
84.81,488.59,52.02,0.698,9.489,436.5,98.041,4.465
67.31,511.59,45.06,0.614,10.474,447.18,97.861,4.811
70.87,398.55,49.45,0.565,10.277,490.94,97.651,6.645
100.87,530.79,27.55,0.445,9.009,380.17,98.152,6.609
70.89,157.1,30.23,0.681,10.983,628.42,98.762,5.789
91.51,161.45,29.68,0.64,9.698,602.65,99.34,5.597
102.54,220.28,19.59,0.452,8.715,567.62,97.621,7.561
66.41,462.65,13.06,0.706,12.077,457.88,96.809,5.079
94.04,249.8,39.55,0.769,11.471,672.05,96.374,10.916
75.39,298.3,59.46,0.784,9.327,560.16,96.763,4.702
117.78,380.22,18.34,0.853,8.047,468.84,97.151,5.548
89.01,668.31,12.33,0.605,10.915,325.01,98.288,5.673
108.36,109.7,48.98,0.877,7.462,627.96,97.873,5.655
93.01,554.57,22.63,0.833,9.563,393.79,98.817,3.499
62.6,568.21,51.48,0.548,10.111,407.35,96.534,5.569
97.99,659.06,45.2,0.48,8.218,320.72,98.412,6.565
117.08,752.93,57.28,0.618,6.399,273.24,96.089,5.414
96.1,114.1,30.45,0.601,9.272,639.11,98.858,6.492
109.15,207.65,43.1,0.688,7.753,587.1,97.677,5.103
113.05,720.32,33.24,0.692,7.416,274.58,97.412,5.063
73.68,420.96,41.53,0.775,10.075,486.23,98.575,3.403
72.72,495.21,32.48,0.655,10.46,432.45,98.549,5.809
96.66,564.12,19.43,0.452,9.409,369.92,98.029,6.539
84.66,575.35,35.39,0.829,9.675,404.48,99.365,5.226
110.39,752.22,36.43,0.555,7.596,256.34,97.911,6.528
114.0,797.86,50.53,0.886,6.567,253.93,96.951,4.392
81.21,604.11,46.78,0.459,9.249,358.94,98.274,5.973
74.21,301.05,43.19,0.879,9.857,548.4,98.314,3.385
106.83,715.83,15.67,0.446,9.18,279.08,97.438,7.009
76.49,134.45,46.03,0.516,9.765,641.46,98.521,6.266
109.36,261.76,35.02,0.423,7.558,539.02,97.737,6.716
85.42,728.17,54.7,0.753,8.358,304.13,97.849,3.707
100.05,279.33,55.99,0.825,6.911,536.69,97.38,4.291
65.73,254.46,12.76,0.617,12.812,586.41,96.609,6.268
97.43,196.69,51.03,0.864,8.135,587.47,98.315,5.673
87.11,701.38,11.88,0.695,9.996,305.67,97.639,4.972
95.2,450.04,28.36,0.715,9.486,440.07,99.045,5.238
70.08,572.43,37.11,0.823,11.154,413.17,98.559,3.725
104.21,267.35,17.41,0.548,9.007,522.02,97.609,6.059
111.77,630.63,47.32,0.577,7.505,340.18,97.447,6.83
73.0,632.0,10.42,0.853,11.981,365.96,96.885,4.647
65.74,318.82,18.43,0.85,11.507,549.03,97.264,3.446
61.42,387.48,39.04,0.888,11.547,527.01,97.425,3.47
98.52,246.78,45.72,0.851,8.186,572.33,98.627,4.393
96.43,783.59,55.83,0.464,7.392,262.57,97.333,6.153
92.8,551.92,45.27,0.812,8.785,398.22,98.772,5.026
73.92,754.18,43.59,0.605,9.422,301.88,98.236,4.439
83.45,312.37,29.72,0.895,10.503,527.04,98.549,4.218
95.67,647.32,10.06,0.636,9.683,330.12,97.302,5.813
89.81,636.1,16.01,0.677,9.824,339.67,98.132,5.027
119.27,584.16,36.73,0.665,6.776,357.35,97.245,6.258
68.19,775.95,43.76,0.561,10.699,281.92,97.622,5.296
101.71,375.49,30.87,0.438,8.517,483.45,98.221,7.642
84.26,191.5,46.53,0.848,8.89,611.69,98.754,3.646
85.69,570.2,36.09,0.801,9.378,383.72,98.969,4.161
103.06,610.52,13.71,0.47,8.758,339.89,97.444,6.596
101.55,502.54,19.6,0.788,9.043,423.15,98.133,3.462
119.48,244.77,52.0,0.713,6.486,529.52,96.129,5.324
67.7,453.12,46.25,0.605,10.451,472.25,97.481,4.867
66.25,318.53,54.74,0.527,10.465,542.1,96.313,6.318
103.46,399.23,15.88,0.83,9.76,466.92,97.933,4.337
94.7,551.65,59.51,0.75,7.438,390.89,96.784,4.433
76.45,621.65,20.47,0.674,10.988,361.49,98.229,5.273
64.77,262.56,10.59,0.705,13.369,577.96,96.346,3.995
65.14,383.73,59.87,0.446,10.507,512.8,95.565,5.21
113.65,288.41,24.05,0.637,7.227,509.66,97.206,5.982
71.51,239.04,43.4,0.497,10.413,581.05,98.771,5.486
79.4,648.37,18.83,0.504,10.858,338.86,97.936,5.21
73.6,736.48,39.01,0.731,10.711,305.47,98.679,4.638
81.3,359.16,55.2,0.856,8.695,523.28,98.185,4.571
64.17,625.9,26.01,0.602,11.411,387.62,97.794,5.441
91.14,727.9,43.51,0.504,8.414,284.7,98.545,6.626
64.06,692.29,19.4,0.724,11.894,357.19,97.141,4.863
108.02,227.97,41.24,0.836,7.873,552.12,97.956,3.855
74.02,769.4,26.82,0.774,10.497,296.46,98.742,4.291
92.4,363.67,20.56,0.834,9.581,495.27,98.76,4.213
112.8,337.47,25.66,0.668,7.178,483.78,97.588,5.535
99.05,143.7,18.94,0.776,9.764,610.17,97.95,5.462
91.98,440.32,55.1,0.47,8.536,450.62,97.113,5.714
79.46,176.31,29.86,0.574,10.192,620.59,99.044,5.093
79.98,273.98,22.26,0.595,10.548,565.66,98.468,6.074
100.17,321.86,32.42,0.656,8.743,505.14,98.841,5.992
119.65,666.18,26.03,0.865,7.976,297.97,96.874,4.608
99.71,712.84,47.22,0.837,8.077,290.48,97.872,3.819
93.47,311.73,58.56,0.467,7.456,520.91,97.286,7.126
103.84,701.09,31.9,0.486,7.596,291.91,98.513,6.797
87.91,700.06,53.05,0.579,8.042,303.06,98.109,5.628
63.61,635.26,38.29,0.545,11.19,371.74,97.488,4.776
93.74,202.69,17.86,0.707,9.558,605.75,98.206,5.215
117.46,583.23,44.53,0.851,6.71,349.51,97.336,5.077
70.52,761.52,35.67,0.881,10.618,294.1,98.648,4.026
101.4,577.78,42.53,0.727,7.556,374.1,98.741,4.926
72.06,332.13,54.48,0.819,9.286,535.74,97.145,4.07
92.15,450.41,32.02,0.663,9.851,454.38,99.185,5.336
65.8,552.01,55.06,0.504,10.49,408.7,96.844,5.876
87.02,457.4,47.53,0.662,9.552,464.96,98.397,5.018
105.37,183.97,34.43,0.678,8.268,587.24,98.348,4.411
80.85,318.44,40.16,0.771,9.583,532.67,99.217,5.268
99.89,661.68,26.28,0.51,9.377,315.05,98.372,7.174
107.73,702.99,59.18,0.584,6.585,286.8,96.461,5.64
115.63,196.11,43.37,0.582,6.844,575.27,97.248,6.091
74.08,766.67,12.19,0.88,11.711,281.27,96.73,3.368
83.96,330.18,26.33,0.622,8.975,519.33,99.13,5.523
69.14,563.62,41.17,0.778,11.285,405.5,97.293,4.652
119.55,626.28,12.82,0.775,8.224,326.11,95.417,5.14
115.62,668.36,11.19,0.533,8.482,299.64,96.282,6.051
92.4,762.02,32.5,0.686,9.164,261.86,99.171,4.311
110.52,319.04,26.63,0.847,8.146,503.8,97.886,5.241
91.26,700.95,31.91,0.638,9.056,307.46,99.04,5.598
97.42,192.18,23.13,0.873,9.558,587.71,97.919,5.051
65.35,593.53,18.24,0.507,11.49,396.62,97.288,5.186
105.32,619.38,44.46,0.437,7.557,344.18,98.088,7.784
67.66,574.41,35.73,0.846,11.279,405.99,98.168,2.833
109.56,276.62,20.01,0.824,8.402,533.0,97.759,5.326
106.92,711.13,25.98,0.896,8.565,276.07,98.502,3.095
102.52,218.2,39.59,0.74,7.644,566.42,98.578,4.999
62.17,137.54,13.61,0.868,12.22,671.7,95.866,4.676
78.19,602.23,17.37,0.813,11.215,376.56,98.719,4.496
75.79,432.83,13.66,0.822,11.772,473.02,97.898,3.877
81.61,694.37,50.62,0.685,8.396,340.03,97.671,4.571
65.26,368.38,47.62,0.591,10.784,536.66,97.179,5.44
116.22,217.8,47.67,0.867,6.362,561.07,96.953,5.16
93.23,685.51,45.82,0.616,8.359,323.82,98.833,6.108
78.33,484.24,43.47,0.669,9.225,426.21,97.859,4.838
83.82,232.44,33.85,0.623,9.448,573.91,98.798,4.9
86.83,604.27,42.11,0.682,9.539,364.12,98.275,5.116
96.04,457.78,11.92,0.635,9.925,438.49,97.446,5.423
90.94,523.02,41.07,0.424,8.645,400.65,98.584,6.102
115.16,422.63,48.89,0.841,6.548,424.12,97.036,4.983
89.82,680.1,35.02,0.622,9.446,324.13,98.815,5.277
119.53,680.69,27.88,0.694,7.428,298.93,96.892,5.696
111.09,596.57,23.87,0.47,8.03,357.47,97.895,6.36
72.51,173.78,42.14,0.402,10.65,615.49,98.267,7.11
115.84,687.2,44.64,0.523,7.046,284.01,97.296,5.835
66.98,569.71,53.55,0.752,10.355,386.67,96.873,3.842
109.05,587.92,27.12,0.45,8.077,348.68,97.846,6.774
82.84,354.09,48.49,0.854,9.468,524.17,98.341,5.047
112.68,715.5,38.07,0.508,7.36,272.99,97.918,6.885
112.08,607.76,54.14,0.502,6.901,355.29,95.917,7.159
108.36,178.81,36.39,0.491,8.019,578.2,98.29,7.752
107.4,385.44,35.88,0.407,7.329,465.73,98.303,9.122
78.28,720.47,38.89,0.786,9.594,301.16,98.787,4.151
64.86,133.04,47.47,0.838,10.409,664.85,97.335,4.849
84.18,772.99,58.23,0.707,8.957,259.53,96.406,5.174
70.41,575.41,13.68,0.494,11.201,401.9,96.888,6.366
101.7,541.96,12.67,0.543,9.551,391.48,97.91,7.123
80.77,289.39,56.88,0.638,9.031,562.43,97.257,5.288
118.54,274.15,36.49,0.877,7.421,515.65,97.278,4.584
98.46,759.44,40.75,0.524,8.315,267.85,98.624,6.228
109.35,308.79,34.12,0.766,7.238,516.84,98.365,5.192
67.95,642.85,14.68,0.62,11.632,366.15,97.197,5.157
111.72,375.19,48.4,0.549,6.334,461.65,97.182,7.347
115.37,197.48,47.36,0.628,6.376,545.61,97.15,6.103
89.22,107.5,25.59,0.436,9.64,643.76,99.225,6.911
96.38,480.98,25.31,0.799,8.798,429.07,99.095,4.738
105.89,783.05,51.89,0.522,7.679,242.17,98.053,6.091
70.49,358.4,13.62,0.763,11.379,531.85,96.955,3.518
90.15,350.03,54.06,0.434,8.754,502.74,98.143,6.558
83.92,340.86,22.83,0.878,10.882,513.22,98.492,4.416
68.78,464.38,39.65,0.497,11.023,446.09,98.116,6.651
82.05,408.47,56.8,0.841,8.571,477.66,97.622,3.607
64.09,715.94,43.91,0.805,11.056,347.12,97.387,3.158
61.55,453.86,30.72,0.884,11.294,488.46,97.605,3.489
68.11,455.43,44.48,0.639,10.883,471.71,98.062,4.035
117.79,196.86,27.2,0.764,7.417,563.64,97.122,5.354
92.97,787.92,23.86,0.585,9.381,254.71,99.182,4.691
117.95,274.98,59.83,0.492,5.231,525.63,94.712,7.815
85.95,151.35,47.54,0.622,7.942,619.76,98.98,5.454
78.71,564.2,42.24,0.483,9.321,399.06,98.797,6.939
90.37,516.76,27.76,0.891,10.095,415.22,99.01,4.501
86.37,390.6,12.46,0.448,10.441,499.97,97.445,6.325
66.34,395.53,11.55,0.695,12.256,513.4,96.35,4.228
98.45,649.54,37.71,0.713,8.715,341.94,98.78,4.943
72.96,237.0,48.1,0.669,10.681,585.87,97.873,5.156
97.18,674.18,36.87,0.731,9.132,328.18,99.27,5.056
99.01,554.12,52.04,0.458,11.189,444.53,94.346,13.811
69.12,393.28,11.67,0.678,11.313,506.39,96.813,5.297
63.68,420.62,28.34,0.544,12.596,505.88,97.319,5.724
106.85,279.65,21.85,0.87,9.528,525.0,97.952,4.467
87.59,626.48,32.36,0.781,9.684,358.2,99.02,4.083
63.49,459.01,13.62,0.886,11.998,481.29,96.271,3.401
119.69,324.6,57.71,0.419,6.05,489.69,94.855,7.148
63.47,517.24,21.16,0.543,11.984,433.87,97.784,5.526
101.7,797.01,56.12,0.498,7.162,258.82,97.157,6.293
119.02,404.68,31.29,0.406,7.393,431.38,96.855,7.673
74.35,744.48,59.28,0.521,9.378,308.32,96.807,6.499
68.53,341.51,37.7,0.739,10.38,546.72,97.814,4.527
67.28,138.31,56.54,0.516,9.815,665.51,96.124,6.616
78.2,242.97,10.27,0.655,11.692,568.37,96.892,5.509
66.06,393.09,47.41,0.844,10.802,505.19,97.997,3.746
101.53,253.74,55.15,0.747,7.449,563.1,97.253,5.236
63.74,100.16,16.99,0.597,12.604,662.9,96.105,5.561
90.57,740.5,14.81,0.586,10.046,272.72,98.298,5.693
119.8,690.72,31.23,0.628,7.114,283.56,97.029,5.458
108.84,619.6,56.68,0.489,5.255,335.91,95.952,5.893
96.91,217.47,37.12,0.717,8.426,588.73,98.795,5.746
78.38,184.25,36.37,0.582,10.392,611.33,98.886,6.34
97.43,147.32,17.06,0.826,9.444,612.08,98.292,5.217
91.62,606.82,10.04,0.778,10.215,366.26,97.962,4.633
85.57,750.17,50.51,0.705,8.424,290.76,97.904,5.113
67.84,401.38,14.38,0.582,12.43,503.83,96.95,5.82
113.2,183.4,41.69,0.505,7.231,571.1,97.36,7.445
86.99,458.67,55.73,0.788,8.821,436.49,97.139,4.123
71.68,344.18,20.43,0.643,10.747,522.87,98.133,4.682
82.07,362.38,43.26,0.512,9.361,517.6,98.709,6.01
84.85,534.93,13.93,0.498,10.553,406.83,97.831,6.168
109.65,603.1,40.19,0.483,7.251,340.08,98.076,6.573
104.02,177.42,18.2,0.789,8.759,600.83,97.759,4.233
106.16,124.91,46.8,0.514,7.183,604.22,97.519,7.772
60.66,796.03,25.06,0.663,12.433,280.37,97.173,4.3
84.97,262.91,33.17,0.626,8.967,562.84,99.319,5.768
88.88,137.68,39.97,0.69,9.809,625.89,99.395,6.123
61.15,232.91,18.56,0.839,12.625,610.15,97.069,2.786
75.59,127.27,47.08,0.834,9.832,651.96,98.217,4.125
105.62,374.27,25.13,0.626,8.844,465.83,98.348,5.791
68.23,661.68,43.12,0.408,9.928,348.78,97.767,6.089
92.12,338.87,17.91,0.613,9.653,500.26,97.949,5.737
72.91,410.93,44.41,0.703,10.109,493.32,98.186,5.552
60.73,572.91,16.41,0.679,13.071,421.87,96.089,4.905
74.47,456.23,31.27,0.726,10.678,462.75,98.569,5.158
118.55,703.01,22.36,0.477,7.721,269.44,97.354,6.829
108.09,706.22,47.42,0.723,6.963,290.54,97.979,4.416
117.57,106.94,23.1,0.491,7.781,602.95,96.752,6.257
89.27,644.63,54.09,0.775,9.057,349.38,97.789,3.725
66.58,422.51,54.59,0.57,10.513,488.05,96.423,5.672
92.88,792.19,19.82,0.755,9.773,271.44,98.467,4.552
87.26,438.26,40.69,0.424,9.382,465.41,99.057,6.658
110.66,790.83,14.39,0.604,8.84,238.57,97.21,5.615
65.88,628.2,29.58,0.753,11.679,381.35,98.675,5.18
89.29,274.02,45.67,0.513,9.172,545.34,98.864,6.02
69.0,476.88,42.97,0.798,11.012,460.46,98.091,4.581
79.48,794.49,41.24,0.715,9.744,264.6,98.895,4.504
104.24,700.27,24.13,0.694,8.919,303.95,98.274,5.191
88.56,168.16,28.9,0.577,9.49,621.79,98.578,6.731
82.55,594.46,15.15,0.641,10.462,383.1,98.294,5.941
83.67,341.91,45.95,0.699,9.111,527.25,98.828,5.02
87.57,104.89,35.19,0.636,9.395,655.77,98.926,6.229
107.1,382.44,45.44,0.749,6.72,477.79,98.058,5.447
113.53,264.33,22.45,0.617,8.325,520.4,97.846,6.309
117.32,673.21,26.22,0.501,6.347,310.51,97.473,6.769
107.21,336.13,26.71,0.507,9.325,508.65,97.729,6.422
78.92,679.27,11.29,0.403,11.843,325.36,97.253,6.329
101.29,100.42,27.05,0.55,8.605,630.32,98.507,6.332
86.26,315.47,50.17,0.774,8.827,538.48,98.57,5.214
75.28,268.82,54.86,0.797,9.595,576.82,97.678,4.407
110.45,263.5,35.91,0.501,7.283,529.41,98.41,6.289
62.31,147.73,32.78,0.88,11.718,647.87,97.351,3.46
114.11,230.99,11.54,0.651,8.432,550.49,96.146,4.544
87.69,488.88,53.96,0.858,8.507,440.17,98.201,3.867
98.23,303.95,10.65,0.753,9.908,532.57,97.18,5.159
99.56,392.18,57.24,0.761,6.876,478.86,96.688,4.964
113.71,363.81,34.46,0.443,7.329,468.5,97.864,8.245
98.2,713.13,27.1,0.51,9.008,300.44,98.503,6.478
96.84,733.71,56.21,0.404,7.615,280.61,97.752,7.042
64.0,445.07,11.22,0.758,12.46,478.99,96.347,3.465
91.1,331.11,39.07,0.572,9.385,514.07,98.926,5.875
69.01,174.76,37.45,0.793,10.703,619.05,98.128,4.202
104.25,767.38,20.97,0.569,8.874,256.41,98.547,5.508
90.73,142.16,31.44,0.81,9.931,632.68,99.188,4.415
100.81,308.36,42.61,0.465,7.912,518.47,98.273,6.012
62.5,308.65,46.36,0.487,10.914,569.43,96.816,5.383
65.09,324.28,10.04,0.57,12.424,545.07,96.087,5.992
102.98,215.0,56.84,0.604,7.596,572.26,96.655,6.148
64.33,648.21,18.23,0.574,12.012,368.39,97.316,4.939
64.28,185.75,21.68,0.782,12.522,650.58,96.853,4.406
60.73,544.43,23.17,0.448,12.076,423.82,96.908,6.563
117.39,186.69,11.89,0.576,7.843,559.04,96.229,6.71
104.25,149.37,16.15,0.819,9.37,614.66,97.872,5.294
81.2,736.6,59.32,0.433,8.547,308.12,96.591,5.864
77.79,233.09,25.76,0.871,10.998,588.89,98.879,3.786
80.98,674.88,15.77,0.893,9.909,344.35,97.781,3.763
106.48,481.24,15.35,0.444,8.85,422.69,97.35,7.929
99.68,154.5,45.97,0.546,7.707,612.89,98.461,7.28
71.11,768.81,52.73,0.586,9.425,287.97,97.401,5.428
70.45,272.87,22.85,0.788,11.237,569.61,97.823,4.483
65.9,701.75,11.05,0.698,12.155,331.67,96.753,5.129
99.62,218.17,21.15,0.722,9.17,576.36,98.416,5.838
105.86,697.76,12.83,0.779,8.576,306.7,97.498,3.6
75.9,109.26,15.17,0.459,11.433,658.53,97.996,6.128
61.26,458.25,31.58,0.817,12.312,476.07,97.863,4.036
64.93,638.61,21.5,0.753,12.069,375.0,97.769,3.25
118.07,754.36,35.8,0.689,7.295,261.98,97.402,5.026
77.73,736.44,22.67,0.845,11.339,307.69,98.727,3.399
106.15,673.74,57.03,0.75,7.376,305.29,96.856,4.82
97.48,721.73,55.3,0.501,8.335,286.69,97.001,6.079
82.92,239.45,38.34,0.615,9.434,584.65,98.947,5.585
72.34,298.93,27.72,0.647,10.733,544.36,98.417,5.678
67.28,302.28,29.06,0.428,11.606,537.84,98.055,6.345
96.9,363.94,30.59,0.877,9.265,509.07,98.95,4.118
106.48,375.32,46.38,0.464,7.612,476.39,97.578,6.294
98.63,481.19,32.58,0.749,9.46,431.74,99.083,5.511
91.82,211.92,52.84,0.653,8.213,574.9,97.486,5.37
62.52,583.87,57.2,0.413,10.433,403.41,96.297,5.646
118.11,217.3,26.8,0.862,7.078,557.61,97.263,5.077
107.92,317.22,38.03,0.826,8.566,497.7,98.406,4.502
77.57,452.34,14.75,0.662,11.121,474.18,97.845,4.863
118.8,657.51,20.02,0.514,7.526,305.74,96.865,6.761
96.11,617.63,30.67,0.461,8.777,343.88,98.382,6.377
94.95,551.87,20.31,0.582,9.305,384.51,98.649,7.013
104.88,209.04,53.83,0.528,6.784,551.92,97.284,6.685
108.71,482.93,17.91,0.653,8.394,418.61,97.366,6.08
99.39,161.21,32.78,0.883,8.128,610.17,98.7,3.556
67.69,364.15,40.28,0.687,10.463,522.34,97.891,4.434
80.3,389.46,44.59,0.845,10.38,509.6,98.21,3.603
115.69,127.87,29.15,0.725,7.799,593.81,98.12,5.356
73.48,291.79,53.45,0.638,10.011,553.31,97.804,5.56
82.33,768.95,38.42,0.827,10.212,274.9,99.08,4.432
85.92,767.54,31.98,0.636,10.452,273.23,98.915,5.309
86.36,346.63,13.36,0.834,9.964,517.59,97.812,4.261
96.78,130.17,33.23,0.546,8.268,625.16,99.077,6.215
116.58,225.37,51.04,0.464,5.939,541.9,96.98,7.877
74.44,374.55,40.73,0.828,10.069,506.63,98.357,5.184
67.29,763.45,51.61,0.694,10.124,309.1,96.805,4.488
71.85,198.84,34.7,0.845,10.592,636.38,98.978,4.641
113.22,634.46,15.92,0.869,8.495,330.72,96.548,4.588
98.75,176.08,10.68,0.427,9.708,585.29,96.878,7.616
77.15,786.88,25.16,0.65,10.476,284.38,98.437,4.271
108.96,367.13,44.9,0.587,6.345,465.15,97.324,6.043
111.68,642.66,49.51,0.713,6.407,320.67,97.565,5.511
110.79,339.81,24.79,0.797,7.917,488.59,98.203,5.701
115.14,539.37,34.78,0.54,7.113,364.59,97.433,6.113
75.13,234.41,31.06,0.678,10.188,587.56,99.001,4.181
105.3,202.21,30.53,0.754,8.079,569.0,98.962,5.129
87.63,756.64,21.57,0.467,9.599,276.82,98.458,6.698
110.52,742.35,16.82,0.807,8.509,271.14,97.249,3.834
103.71,721.23,19.83,0.703,8.493,281.82,98.758,4.546
106.59,537.8,12.77,0.875,8.758,386.87,97.484,4.423
99.37,665.79,19.91,0.57,8.703,317.3,98.305,5.845
70.65,148.33,10.46,0.454,11.9,645.98,97.006,6.837
92.7,334.35,41.36,0.653,8.365,512.42,98.898,4.986
119.08,319.59,25.82,0.443,7.678,496.03,96.818,7.242
116.24,544.95,58.66,0.885,6.195,381.26,95.728,5.069
62.59,349.17,19.69,0.419,12.106,537.09,97.192,5.79
69.89,203.95,27.29,0.777,10.958,626.1,97.613,5.272
67.9,517.53,27.89,0.663,11.524,426.35,97.927,4.332
103.56,670.07,10.42,0.584,9.646,309.35,97.419,6.32
109.07,367.49,51.96,0.433,6.864,487.42,96.906,7.03
72.81,192.59,11.6,0.711,12.45,614.85,97.501,4.425
90.35,237.68,57.01,0.693,8.313,548.89,97.802,5.165
110.44,266.24,54.6,0.54,6.962,528.67,96.659,6.972
103.97,309.93,36.78,0.855,8.154,520.35,98.475,4.635
92.53,549.96,37.18,0.552,9.174,369.45,98.819,6.548
95.42,520.66,42.69,0.625,8.101,416.14,99.468,6.356
90.5,587.26,29.35,0.672,9.31,368.03,99.536,4.6
77.85,353.75,42.36,0.45,9.928,516.97,98.475,5.874
93.9,676.8,12.24,0.866,10.273,322.17,97.551,3.352
101.33,242.86,12.7,0.587,9.637,543.97,97.452,5.811
112.4,428.33,32.86,0.44,7.937,427.62,97.907,7.729
98.18,660.66,37.48,0.594,7.88,316.13,98.404,6.021
105.67,226.11,54.39,0.7,6.647,569.78,97.18,5.414
69.6,176.9,15.23,0.657,11.959,627.21,97.615,5.269
87.69,718.58,51.13,0.747,8.362,299.6,97.594,5.254
60.56,340.05,20.5,0.428,13.61,532.61,96.974,7.259
74.8,578.71,29.7,0.542,10.9,400.74,98.915,5.793
103.59,117.74,25.83,0.81,8.633,637.83,98.348,3.767
119.51,583.03,30.01,0.44,6.865,352.92,97.553,7.316
65.95,321.27,17.52,0.828,11.904,557.07,97.018,4.499
84.09,139.02,35.18,0.446,9.66,631.59,98.99,6.979
108.0,526.87,50.08,0.817,7.146,383.65,97.445,5.093
72.24,268.56,32.08,0.58,10.608,569.57,98.31,5.872
93.31,370.77,34.53,0.706,8.912,488.06,98.823,4.641
103.98,156.41,52.44,0.476,7.74,582.81,97.599,6.621
96.96,203.01,45.3,0.433,11.847,692.12,94.845,10.641
71.28,308.58,34.52,0.508,10.825,542.7,98.287,6.602
81.32,162.83,22.88,0.464,9.953,628.86,98.047,6.297
107.03,737.58,54.25,0.556,7.108,278.77,97.127,6.294
93.25,104.23,38.85,0.657,9.416,647.04,99.027,5.97
60.31,438.7,21.06,0.694,12.878,493.78,96.809,5.394
105.66,186.27,23.46,0.795,8.907,580.29,98.82,5.136
62.12,315.38,50.16,0.728,11.31,573.49,96.339,3.681
104.74,748.24,12.21,0.704,9.243,271.14,96.566,5.444
72.15,213.19,59.6,0.606,9.681,606.2,96.2,6.663
117.48,776.08,16.52,0.637,7.694,237.39,96.802,6.108
82.08,244.06,49.8,0.607,9.243,567.78,97.795,5.36
79.62,619.1,29.74,0.821,10.922,372.96,98.581,3.506
68.93,482.67,34.61,0.515,10.674,453.02,98.416,5.33
78.34,719.14,54.03,0.403,8.808,298.79,97.558,7.432
112.6,487.8,30.65,0.726,7.716,397.18,98.053,5.247
119.78,474.19,36.87,0.501,6.634,394.33,97.259,6.583
82.1,236.82,12.46,0.845,11.322,593.64,97.544,4.256
86.92,216.36,10.12,0.83,10.608,585.09,97.337,4.386
103.32,741.54,22.24,0.438,9.441,267.79,98.389,7.479
113.17,329.49,44.03,0.453,6.365,502.08,97.006,6.708
95.58,360.46,16.06,0.648,10.246,486.78,97.389,6.256
83.49,631.88,15.69,0.705,10.442,350.06,97.888,4.871
84.76,337.18,30.55,0.537,9.135,512.02,99.175,6.737
101.74,766.44,42.39,0.758,8.064,277.35,98.585,5.509
60.19,616.55,45.6,0.697,11.012,402.58,97.217,4.445
97.18,518.2,18.92,0.562,9.005,409.87,97.614,5.893
81.33,716.63,13.98,0.413,10.246,310.26,97.711,6.467
107.65,134.72,57.02,0.775,6.766,606.64,96.892,5.32
65.58,279.94,23.03,0.507,12.145,586.41,97.075,5.159
95.29,425.53,52.67,0.817,8.222,465.04,98.173,5.353
88.86,258.88,53.17,0.61,8.438,566.27,97.806,5.98
98.54,620.73,48.63,0.689,8.084,346.71,99.084,4.637
63.89,743.45,18.44,0.836,12.207,310.85,96.461,2.482
94.8,396.64,51.09,0.832,7.539,493.24,98.52,3.345
93.69,339.49,48.46,0.586,7.689,512.63,98.15,6.405
93.64,773.09,39.84,0.504,8.587,274.44,98.297,5.764
96.21,411.4,26.86,0.788,9.132,471.34,98.701,4.56
100.59,442.33,23.13,0.617,9.322,437.24,98.512,6.114
108.3,346.15,16.09,0.496,8.983,482.6,97.643,6.586
76.19,736.68,35.49,0.852,10.628,306.88,99.29,3.947
109.5,498.27,39.26,0.499,7.314,396.43,98.431,6.745
89.9,633.52,27.97,0.413,8.982,334.19,98.517,6.645
64.62,668.26,33.77,0.41,11.43,356.58,98.033,5.377
63.51,339.29,28.18,0.711,11.934,538.69,97.751,4.254
80.05,403.59,42.05,0.731,8.757,490.43,98.485,5.114
107.09,693.93,55.06,0.556,6.512,298.34,96.833,5.774
102.46,354.28,18.2,0.56,8.785,485.49,97.723,6.938
107.32,655.75,29.07,0.57,8.179,328.92,98.279,7.245
91.04,758.69,17.04,0.74,9.766,269.03,98.027,4.95
86.41,536.25,41.25,0.429,9.138,403.77,98.407,7.364
68.85,619.14,46.44,0.865,10.345,382.21,97.969,3.931
79.69,663.57,56.6,0.511,8.885,337.17,97.382,5.596
86.04,691.53,23.94,0.9,9.903,313.26,98.79,3.73
65.32,376.54,57.51,0.486,9.789,522.22,96.539,7.022
73.24,135.88,13.16,0.786,11.287,656.23,97.226,4.352
95.89,381.31,40.15,0.512,8.627,475.6,98.631,5.947
104.14,571.63,12.86,0.44,9.387,370.33,97.414,6.302
119.9,415.25,54.69,0.837,5.616,446.64,95.772,4.849
115.99,624.27,36.49,0.829,7.754,321.56,97.66,4.217
98.55,349.89,43.47,0.602,7.997,490.8,97.755,6.847
85.27,544.32,51.58,0.751,9.437,413.77,98.072,4.762
98.17,230.49,17.52,0.679,9.217,569.0,97.569,6.148
107.14,624.56,11.93,0.826,8.27,335.48,96.735,4.41
67.1,481.99,53.94,0.558,10.263,447.51,96.391,4.945
84.59,242.85,25.75,0.662,10.243,570.11,98.485,4.823
110.39,304.34,16.45,0.643,8.553,507.67,97.111,5.593
83.03,624.03,33.42,0.577,9.603,351.44,98.76,5.749
94.31,437.82,39.92,0.846,8.699,443.63,99.136,4.634
95.27,251.22,11.55,0.483,9.742,563.3,97.493,7.058
71.07,777.09,23.74,0.475,11.149,287.81,97.401,5.051
81.73,600.59,11.64,0.688,11.422,364.78,97.5,4.903
80.07,769.99,31.02,0.729,10.336,282.25,98.967,3.946
61.57,398.97,54.76,0.497,10.73,499.28,96.026,6.049
61.45,432.57,59.13,0.595,10.213,487.16,95.539,5.464
109.9,728.57,41.85,0.873,7.24,277.71,98.101,3.644
76.38,467.53,18.08,0.523,10.681,449.15,98.123,6.404
91.08,595.1,55.29,0.734,8.021,386.03,97.153,5.991
77.92,276.52,35.81,0.77,8.878,561.08,98.739,5.079
116.44,412.71,17.69,0.624,7.751,437.88,97.261,6.09
75.56,186.41,56.09,0.869,9.379,614.39,97.685,3.954
85.78,244.19,47.87,0.768,9.2,582.65,98.696,4.757
112.36,100.66,46.59,0.629,6.763,608.65,97.549,5.992
110.52,127.49,45.46,0.685,7.23,604.12,98.166,6.101
71.17,784.1,20.02,0.746,10.658,292.96,98.423,3.592
108.16,269.65,20.55,0.696,8.506,535.96,97.801,4.772
87.49,564.32,44.41,0.839,8.36,394.49,98.462,4.259
88.98,687.37,20.99,0.578,9.523,333.89,98.43,5.632
68.01,485.46,31.93,0.55,13.212,517.52,94.58,13.033
64.84,207.2,49.1,0.507,14.585,726.72,93.431,9.235
103.68,609.68,49.2,0.419,7.52,341.18,97.579,7.095
89.79,520.18,32.66,0.422,9.318,398.18,98.477,6.251
86.21,611.88,49.61,0.835,8.865,377.27,98.358,4.033
103.77,638.82,51.93,0.739,7.038,338.08,97.231,5.884
105.93,782.79,42.74,0.73,7.39,259.98,98.193,5.28
69.53,501.49,21.42,0.707,11.749,453.46,97.229,3.961
96.61,339.15,23.7,0.825,8.779,506.86,98.898,4.008
68.12,553.93,25.74,0.64,11.692,406.24,98.297,5.044
105.08,147.91,15.84,0.835,8.897,607.66,97.58,4.255
99.42,728.18,23.66,0.58,9.368,277.36,98.451,4.781
117.4,183.57,20.48,0.863,8.228,576.19,97.008,5.25
64.14,329.49,32.77,0.749,10.786,557.84,97.866,4.618
63.42,671.02,55.42,0.529,10.081,347.53,96.238,5.651
76.93,518.12,15.22,0.682,10.947,427.6,97.939,5.06
75.7,375.54,46.01,0.667,9.118,507.78,98.582,5.107
74.82,431.4,44.36,0.469,9.524,480.09,97.934,5.92
114.38,698.18,14.79,0.696,9.296,284.35,96.672,5.674
74.97,338.0,56.13,0.557,9.607,510.94,97.337,6.582
76.32,708.75,38.42,0.426,10.868,317.09,98.084,6.01
105.56,161.69,28.19,0.874,8.74,608.52,97.925,4.193
86.98,643.76,47.83,0.721,8.569,349.75,98.5,4.204
106.6,693.28,22.87,0.838,8.427,297.32,98.332,3.975
63.92,227.27,44.68,0.738,11.109,598.42,97.226,4.724
89.25,401.24,11.99,0.578,10.609,482.0,97.419,4.843
62.02,215.85,51.97,0.656,10.406,615.68,96.348,5.306
63.76,594.62,32.41,0.738,10.896,395.63,97.505,4.575
114.39,474.74,41.83,0.88,8.337,431.79,97.84,3.633
68.35,544.73,21.06,0.527,11.58,408.99,97.245,5.172
91.95,237.54,43.85,0.837,8.573,586.83,98.693,4.616
84.67,248.22,48.61,0.862,9.1,575.37,98.135,4.201
80.84,129.05,33.66,0.735,9.973,629.75,98.486,5.336
113.99,325.45,40.89,0.866,7.145,498.66,97.973,4.69
61.31,491.82,32.82,0.599,12.149,463.05,97.282,5.773
99.83,700.55,54.7,0.877,7.492,302.46,97.591,3.876
117.8,566.85,34.89,0.751,6.591,348.47,96.966,4.789
93.61,404.78,52.09,0.421,7.968,467.06,97.598,6.41
116.21,767.18,50.07,0.853,6.27,246.11,97.017,4.804
63.14,603.47,30.53,0.642,12.185,394.17,98.401,4.821
85.13,751.12,21.5,0.63,10.772,291.54,97.945,5.487
75.61,469.31,30.3,0.683,10.684,447.09,98.572,5.25
103.85,281.23,51.31,0.475,6.757,522.17,97.646,5.938
118.88,136.98,21.38,0.635,7.121,600.42,96.654,5.863
75.39,608.26,36.22,0.816,10.408,372.36,98.958,3.496
99.25,184.91,50.3,0.408,7.802,576.79,97.571,6.946
71.89,311.94,27.67,0.536,10.877,536.84,98.298,5.697
93.92,472.73,42.11,0.401,8.309,432.26,98.466,7.498
87.84,495.09,22.28,0.608,9.804,429.57,98.979,6.214
118.32,520.41,15.46,0.764,7.981,380.21,96.247,5.115
96.51,216.38,49.72,0.799,7.08,578.74,98.08,4.792
80.97,365.82,14.95,0.873,10.596,524.86,98.23,3.665
66.85,532.04,23.57,0.704,11.434,421.08,97.422,4.624
69.07,778.87,52.76,0.527,10.477,266.24,97.098,5.54
73.52,609.34,27.32,0.862,10.685,384.97,97.963,4.092
75.06,745.82,58.65,0.788,9.371,299.7,96.502,4.429
111.04,633.55,58.99,0.687,6.464,322.83,96.192,4.313
93.67,514.2,23.41,0.748,10.079,418.51,98.428,4.796
91.4,234.42,12.05,0.862,10.849,582.19,97.573,5.113
66.89,566.68,45.25,0.756,10.59,392.35,97.839,4.015
111.61,536.37,32.55,0.584,7.429,374.66,97.803,6.76
103.37,521.73,15.04,0.757,8.94,418.16,97.917,4.853
64.06,442.85,45.38,0.42,10.636,481.84,97.315,6.405
102.47,470.06,11.56,0.593,9.229,431.54,97.349,5.452
92.61,334.11,53.51,0.603,8.318,522.22,98.137,5.35
64.9,463.52,16.93,0.483,12.274,465.84,96.989,6.297
87.5,238.29,16.37,0.412,10.542,574.97,98.47,7.483
89.08,663.62,18.78,0.467,10.578,333.65,98.549,6.331
69.95,230.04,58.01,0.727,10.467,603.33,96.408,4.191
116.74,159.48,44.66,0.801,6.718,585.12,97.557,5.39
111.0,405.37,50.07,0.894,7.325,460.84,97.407,5.079
100.14,560.82,29.88,0.573,8.526,372.56,98.585,6.874
87.74,406.4,26.82,0.7,10.324,479.23,98.987,4.992
84.71,293.73,21.72,0.869,10.822,540.09,98.999,3.359
99.06,490.72,34.03,0.484,8.922,409.49,98.874,7.01
92.73,342.9,37.59,0.759,8.968,508.62,99.543,4.821
63.74,753.01,41.59,0.777,10.788,298.91,97.94,4.328
90.75,745.85,22.86,0.444,9.173,275.51,98.728,6.543
108.38,451.66,57.43,0.831,6.691,433.82,96.299,4.291
87.55,329.52,18.49,0.807,10.926,528.11,98.358,4.611
63.12,615.99,58.28,0.417,10.038,386.14,95.79,6.8
107.18,125.7,10.74,0.446,9.336,606.56,96.961,7.27
72.08,432.34,34.06,0.425,10.996,485.74,98.513,5.945
75.52,335.43,26.67,0.567,10.682,537.11,98.505,4.976
69.88,744.38,32.46,0.655,11.51,307.45,98.308,4.339
79.81,108.4,38.53,0.666,8.725,657.2,98.997,5.286
105.41,486.97,31.78,0.534,7.65,415.09,98.169,6.828
91.16,618.46,30.74,0.856,9.06,368.69,99.599,3.51
72.29,439.51,46.64,0.584,9.732,483.72,97.307,6.278
112.67,159.78,44.29,0.423,7.033,595.26,97.862,6.888
112.77,780.72,51.66,0.55,6.676,242.79,96.808,7.34
112.23,462.61,22.5,0.666,8.254,426.27,97.923,6.652
74.33,529.93,40.48,0.604,10.45,431.43,98.529,5.403
87.07,265.63,39.26,0.537,8.852,551.14,98.959,5.43
119.1,438.45,28.49,0.466,6.7,421.67,97.239,7.122
106.32,400.4,34.3,0.81,8.181,465.52,98.749,4.675
61.63,152.43,25.69,0.898,11.802,663.5,97.322,3.055
63.91,174.31,17.09,0.565,11.574,641.79,97.16,5.861
87.84,686.23,20.69,0.591,10.504,316.94,98.165,5.114
114.55,267.87,15.28,0.709,11.803,580.95,93.458,10.847
92.32,236.47,44.15,0.759,9.257,573.22,98.961,4.953
89.87,453.44,43.04,0.596,8.912,440.97,99.016,5.48
66.33,638.12,57.53,0.852,10.323,359.59,96.539,4.613
99.41,143.36,46.48,0.68,8.475,603.88,98.187,5.497
109.33,503.77,12.6,0.625,8.555,403.69,97.192,6.152
82.83,183.45,54.21,0.723,9.325,621.97,97.502,5.206
106.54,125.52,53.13,0.876,7.193,620.03,97.864,4.923
117.87,136.92,32.17,0.797,7.567,600.5,97.417,5.651
72.23,683.91,39.29,0.42,10.458,340.6,97.777,6.681
91.4,182.58,58.8,0.566,8.436,586.41,96.683,6.382
77.23,131.61,36.62,0.635,10.271,649.29,98.714,5.714
107.57,406.53,55.27,0.557,6.205,455.54,96.876,6.431
94.66,690.8,14.15,0.75,10.526,317.62,98.485,4.633
98.07,283.69,19.55,0.813,9.041,535.62,98.057,4.343
107.87,395.2,32.04,0.766,8.499,459.25,98.384,5.138
83.76,127.95,39.24,0.895,9.57,646.03,98.669,4.3
114.91,414.35,50.81,0.536,6.898,456.46,96.546,6.867
91.98,504.33,59.41,0.837,8.376,429.22,97.582,4.4
69.48,499.63,29.44,0.783,11.377,442.34,97.911,4.074
101.75,332.7,12.37,0.581,9.619,492.71,97.528,6.187
107.6,320.87,50.06,0.767,7.289,494.06,97.663,4.952
79.01,174.64,40.22,0.452,8.999,625.5,98.578,6.85
111.43,356.76,19.93,0.795,8.375,476.38,97.731,4.993
114.37,169.65,34.74,0.666,6.867,579.45,97.4,6.211
76.61,636.62,47.12,0.546,9.747,367.09,98.61,6.119
119.01,776.39,48.52,0.728,5.814,229.96,97.132,4.882
68.44,779.05,34.98,0.721,10.518,298.12,98.206,4.563
72.12,705.55,25.26,0.505,11.761,318.54,98.873,5.725
71.05,520.55,58.69,0.415,9.934,416.31,96.27,7.42
113.64,590.61,43.17,0.617,6.934,346.47,97.62,5.873
99.26,299.64,30.41,0.685,8.818,520.92,99.236,5.925
69.13,541.54,24.02,0.838,11.421,427.39,97.882,3.819
86.42,418.95,46.56,0.864,9.246,471.5,98.189,3.431
96.92,437.41,22.11,0.664,9.07,436.2,98.04,5.254
65.01,630.44,18.59,0.777,12.501,373.89,97.828,4.449
112.94,297.34,36.49,0.62,7.224,501.03,97.679,6.027
108.22,322.63,24.5,0.773,8.182,507.62,98.071,4.093
90.31,747.25,41.45,0.502,8.862,270.82,98.418,6.029
118.03,139.36,15.9,0.586,7.702,589.14,96.724,6.162
85.07,439.94,42.75,0.717,9.404,464.73,98.532,5.025
119.05,738.96,24.16,0.409,7.176,255.44,96.73,7.963
100.08,527.25,10.01,0.761,9.909,401.89,97.294,5.292
98.08,482.48,16.35,0.818,10.068,433.54,97.755,5.341
69.96,274.82,56.68,0.6,9.462,561.58,96.636,5.246
112.92,340.29,53.37,0.624,6.433,487.66,97.068,6.103
85.65,696.43,21.68,0.826,10.496,293.1,98.786,3.54
69.73,491.45,48.92,0.788,10.037,452.89,97.689,3.834
60.76,460.32,40.43,0.544,11.467,470.56,97.292,5.027
93.59,169.71,58.55,0.562,7.977,595.6,96.928,5.677
91.64,111.22,28.68,0.739,9.89,644.69,99.581,5.968
103.16,774.58,44.07,0.682,7.506,266.43,98.049,4.153
113.42,363.89,13.18,0.481,8.035,467.89,96.629,7.703
64.76,522.25,29.81,0.555,11.372,426.0,97.765,6.066
103.89,155.8,58.19,0.85,6.647,606.65,97.124,5.072
71.24,578.18,36.95,0.744,10.902,388.27,98.725,3.825
111.49,752.8,24.39,0.893,7.664,260.68,97.904,3.328
109.14,502.97,16.01,0.784,9.636,414.66,97.49,4.705
92.45,188.28,45.18,0.871,9.125,600.97,98.794,4.747
102.61,507.21,42.24,0.508,7.836,388.48,97.663,6.498
78.86,636.44,28.7,0.786,10.839,344.92,98.323,3.705
88.27,384.49,57.55,0.41,7.529,486.46,96.984,7.494
109.3,715.89,11.11,0.735,9.931,292.22,96.621,5.9
87.56,554.08,25.19,0.635,9.691,381.64,98.436,5.276
81.47,729.47,56.05,0.573,8.804,303.39,97.58,5.514
89.65,536.45,26.05,0.831,9.032,417.05,98.942,3.515
109.69,191.9,22.61,0.827,8.536,593.29,97.865,4.832
80.11,316.78,36.71,0.411,9.436,534.82,98.33,7.074
70.43,241.26,51.19,0.705,10.059,595.68,97.426,5.116
102.72,736.18,15.16,0.584,8.982,259.89,96.843,5.561
109.56,632.28,57.15,0.608,6.129,345.82,96.392,5.775
66.04,573.48,49.75,0.816,10.152,403.53,97.297,3.628
74.39,310.68,19.06,0.555,11.352,537.2,97.959,5.708
68.52,228.83,45.6,0.872,9.987,602.14,97.394,4.124
80.88,629.52,29.25,0.49,9.915,367.49,98.81,5.065
87.02,431.91,30.11,0.731,10.017,483.75,98.702,4.883
104.93,258.05,49.16,0.736,8.409,545.81,97.561,5.599
99.07,531.64,58.14,0.526,7.516,401.71,97.132,6.008
97.26,128.23,16.33,0.562,9.205,622.93,98.576,6.203
81.14,328.32,31.03,0.817,10.055,524.34,98.968,4.165
110.49,427.99,34.05,0.781,7.706,456.97,97.927,4.857
88.28,203.57,28.82,0.565,9.527,585.43,98.964,6.178
118.75,789.26,28.16,0.667,7.654,247.06,97.488,5.648
98.05,246.37,12.61,0.431,9.742,563.19,97.645,6.079
67.58,191.25,44.28,0.504,10.895,624.33,98.512,6.46
100.57,242.47,31.81,0.643,8.431,571.07,98.533,5.766
79.51,638.34,19.74,0.443,11.316,368.61,98.221,7.26
101.18,397.85,50.8,0.822,7.545,471.01,98.362,4.1
64.18,495.79,50.13,0.759,10.199,446.95,97.484,3.8
70.49,114.71,34.32,0.872,11.777,652.34,97.847,3.963
111.34,124.1,24.92,0.747,7.34,630.35,97.879,5.829
73.63,412.08,41.9,0.87,9.98,490.42,98.893,2.864
110.22,671.66,24.41,0.677,7.914,316.98,98.782,5.055
76.76,719.67,21.8,0.7,11.983,306.26,98.52,4.91
98.57,160.69,46.53,0.888,8.777,621.71,98.33,4.006
101.65,476.85,12.02,0.721,10.081,420.12,97.079,5.915
90.76,739.26,14.74,0.415,9.995,273.14,98.507,6.357
78.32,371.58,10.34,0.762,12.417,508.28,97.421,4.174
72.76,680.7,17.65,0.853,11.7,336.88,97.546,3.963
61.99,193.59,13.45,0.798,12.998,634.98,96.292,5.063
78.24,754.78,59.79,0.692,9.031,290.3,96.851,4.867
99.19,626.0,24.44,0.736,9.044,349.95,98.785,5.574
116.3,758.93,17.46,0.895,7.991,255.96,96.669,5.035
112.27,573.63,22.05,0.445,7.965,350.44,97.296,6.539
105.96,354.38,56.81,0.734,7.146,485.24,96.333,5.832
107.31,756.73,36.01,0.542,7.924,276.87,98.594,5.377
99.9,292.9,28.24,0.72,8.799,532.29,98.642,5.597
75.62,332.52,53.67,0.704,10.082,518.01,97.627,4.921
114.43,590.57,29.75,0.477,6.314,340.75,98.048,7.459
100.24,635.72,26.75,0.503,8.998,334.61,98.635,6.935
93.63,750.58,20.36,0.711,9.992,294.39,98.462,5.142
66.66,243.36,28.89,0.464,11.821,597.99,97.896,6.454
86.82,658.6,25.83,0.533,9.896,326.8,98.789,6.137
87.62,616.98,43.87,0.818,9.125,381.99,99.151,4.261
111.87,144.66,24.48,0.564,8.39,596.45,97.812,6.681
92.8,371.06,38.86,0.644,9.423,502.63,98.738,6.342
82.82,297.94,13.29,0.871,10.85,539.89,98.123,4.917
118.61,313.14,19.56,0.514,7.794,475.73,97.042,6.907
66.64,788.06,30.37,0.595,15.89,408.05,94.587,11.637
85.35,549.94,56.85,0.703,7.691,374.45,97.851,4.979
62.52,602.37,28.86,0.778,11.512,411.06,97.695,3.176
104.39,783.63,43.2,0.851,8.33,256.0,98.443,4.031
115.08,364.04,22.75,0.858,8.35,469.99,97.761,5.591
76.8,661.29,16.35,0.788,11.484,350.77,97.707,3.77
111.5,404.17,12.93,0.514,8.408,453.52,97.013,7.798
77.53,708.67,25.27,0.412,10.305,316.95,98.302,6.954
114.65,226.46,17.88,0.592,7.875,558.45,96.555,6.716
105.24,763.38,18.7,0.471,9.406,254.92,97.478,6.797
108.29,253.14,48.04,0.755,6.91,537.19,97.848,4.923
61.08,328.35,10.79,0.731,12.834,558.95,95.585,4.377
117.77,629.33,37.89,0.422,6.509,325.58,97.681,7.915
103.6,375.63,28.97,0.818,8.846,483.04,98.987,4.479
78.29,525.75,35.33,0.524,9.913,434.98,99.111,6.424
109.76,411.2,38.14,0.616,7.458,448.44,98.116,5.399
76.89,619.66,25.67,0.734,10.112,362.47,98.642,3.915
112.37,259.83,24.76,0.615,7.312,536.58,97.356,7.25
66.75,140.92,46.67,0.621,10.515,646.12,97.808,5.464
102.22,309.95,53.56,0.433,6.744,516.66,97.45,6.868
92.44,432.02,19.63,0.601,10.645,451.18,98.568,6.494
65.79,217.61,14.88,0.782,11.403,608.65,97.413,5.027
74.51,348.36,54.89,0.858,9.232,544.23,97.172,4.457
60.74,379.99,27.49,0.607,11.954,517.24,97.218,4.909
88.13,140.17,37.57,0.612,9.109,620.93,99.046,5.808
78.08,508.32,27.98,0.751,10.139,441.59,98.444,4.701
95.9,719.04,16.29,0.871,9.392,290.1,98.103,4.318
77.83,206.22,39.47,0.534,9.564,594.41,98.752,5.895
78.0,518.47,36.26,0.62,10.019,428.52,98.637,5.406
104.59,565.32,20.15,0.798,9.645,382.42,98.494,4.872
62.89,393.53,32.59,0.705,11.582,522.17,97.207,5.279
114.17,590.77,49.85,0.455,6.983,338.64,97.165,7.338
111.14,387.51,39.52,0.714,7.55,470.4,98.161,4.799
100.07,453.25,14.85,0.493,9.846,432.25,97.506,6.481
95.59,105.15,37.4,0.655,7.559,634.48,98.613,5.412
113.54,584.2,45.14,0.665,6.738,362.68,96.779,5.983
71.12,562.94,49.64,0.838,10.603,405.27,97.472,4.292
64.74,126.88,41.46,0.631,10.709,664.32,97.96,5.431
74.37,357.78,17.63,0.54,12.036,518.77,97.728,5.757
107.67,785.32,45.51,0.515,7.859,235.16,98.161,6.31
62.08,394.52,43.87,0.837,10.904,523.06,97.165,3.929
94.97,451.36,11.22,0.486,9.786,446.56,97.603,6.215
119.73,736.95,30.59,0.613,6.671,245.82,96.899,5.371
111.34,602.08,26.65,0.494,7.657,344.05,97.54,5.638
91.29,507.45,43.47,0.787,8.266,414.07,98.746,5.232
63.82,658.46,20.81,0.637,12.217,366.67,97.011,5.043
109.88,705.06,39.54,0.576,6.822,276.04,97.538,6.22
95.94,419.82,55.66,0.581,7.958,457.85,97.351,6.648
66.9,432.58,49.89,0.826,10.653,491.17,97.379,3.321
65.63,370.24,56.07,0.677,9.484,522.79,96.831,4.013
114.58,776.69,58.93,0.759,6.735,253.37,96.06,5.153
100.15,588.02,10.53,0.849,9.921,355.39,97.683,4.471
109.76,158.26,41.14,0.851,7.718,610.52,98.296,4.066
112.74,704.07,30.64,0.564,7.315,289.51,97.945,6.345
94.31,436.39,52.99,0.876,8.318,469.86,97.561,3.992
91.05,148.13,22.59,0.412,10.161,622.5,98.581,6.795
85.83,484.8,59.05,0.588,8.318,434.45,97.196,5.534
79.02,392.01,40.69,0.848,10.7,489.05,99.201,2.88
86.08,714.42,49.68,0.537,8.809,298.89,98.37,5.487
106.43,242.8,14.28,0.537,9.389,560.39,97.66,6.314
96.12,678.53,19.17,0.551,9.635,325.74,97.955,6.214
113.55,490.38,47.92,0.706,6.966,400.95,97.101,5.465
86.6,138.23,11.1,0.619,10.034,607.77,97.605,6.198
96.43,780.29,50.84,0.763,8.121,259.78,98.404,3.293
97.88,458.83,10.7,0.847,9.595,439.86,97.379,3.994
95.5,303.61,42.86,0.737,8.1,527.57,98.689,5.462
102.16,428.58,28.25,0.502,9.263,452.05,98.736,6.447
74.25,700.5,40.57,0.866,10.206,335.74,98.205,4.009
90.74,313.43,44.8,0.532,8.259,532.99,99.052,5.406
66.25,234.87,27.12,0.475,11.342,598.86,97.48,6.606
83.07,190.35,15.4,0.445,10.198,586.92,97.27,6.482
89.26,308.5,13.48,0.682,10.963,529.71,97.833,5.018
99.13,646.03,39.45,0.457,7.956,346.61,99.121,7.091
117.03,430.14,36.03,0.469,7.188,434.0,97.524,7.675
96.04,259.24,47.11,0.55,8.669,553.11,98.535,6.879
104.62,216.33,35.49,0.541,7.819,567.41,98.484,7.65
90.38,332.91,31.12,0.702,9.637,521.2,98.979,5.895
98.05,757.95,29.9,0.808,8.492,254.4,98.44,3.955
64.26,340.12,11.32,0.781,13.506,541.26,95.632,4.332
75.26,791.69,26.78,0.531,11.174,268.83,98.486,5.346
81.71,439.66,58.8,0.523,8.603,473.22,97.338,7.073
88.35,225.41,53.68,0.883,8.204,584.74,98.018,4.797
62.74,723.8,26.47,0.404,11.733,303.51,97.518,6.012
68.4,422.25,39.39,0.84,10.674,496.36,98.635,4.346
76.61,596.77,52.36,0.5,10.184,371.86,97.684,5.32
118.29,788.6,32.06,0.874,6.705,229.94,97.394,4.461
79.88,135.12,10.9,0.571,11.29,632.14,97.005,5.567
88.92,167.69,13.73,0.62,10.379,615.39,98.435,5.045
71.77,604.32,35.52,0.754,10.662,393.78,98.614,4.702
96.65,297.28,58.47,0.694,7.509,534.89,96.758,5.927
76.84,229.01,44.66,0.559,9.741,593.66,97.959,6.183
72.42,127.55,13.55,0.677,12.081,657.58,97.617,5.168
90.99,115.29,19.47,0.765,10.22,641.95,98.169,4.479
60.33,642.14,48.57,0.421,11.039,371.81,97.161,5.457
60.46,194.1,52.07,0.406,9.468,604.44,95.441,6.097
73.14,427.4,40.88,0.629,10.413,481.76,98.77,5.144
62.2,524.13,42.22,0.466,10.39,424.88,97.415,6.463
66.48,399.85,11.42,0.732,12.589,514.89,96.551,5.067
80.33,118.97,51.43,0.507,9.744,645.0,97.791,5.621
108.16,648.45,49.41,0.616,6.691,321.77,98.059,5.469
94.32,107.36,22.95,0.499,9.352,624.38,98.772,6.426
90.76,633.32,45.43,0.674,8.43,355.71,98.326,3.871
77.61,725.31,20.74,0.458,11.386,308.38,97.635,6.362
115.91,402.99,12.02,0.412,8.288,450.49,96.193,7.323
83.82,474.88,20.06,0.426,11.11,432.42,98.298,6.592
65.23,433.89,18.93,0.877,12.264,484.07,96.857,4.281
97.02,372.45,26.89,0.471,9.132,485.77,98.662,6.785
66.83,721.2,30.92,0.754,11.361,315.89,97.875,3.875
80.71,725.75,35.43,0.434,10.229,303.28,98.761,6.571
90.44,335.07,33.84,0.454,8.514,494.34,99.134,7.279
112.45,530.55,23.53,0.654,8.058,379.78,98.108,5.94
89.61,748.84,11.46,0.632,10.42,297.03,97.823,5.593
102.14,773.44,40.26,0.876,8.369,266.0,98.433,3.942
119.57,456.27,29.79,0.872,7.132,423.36,97.361,4.66
67.89,416.98,24.93,0.79,11.144,511.35,97.963,4.258
76.48,295.09,53.35,0.701,9.427,535.53,97.168,4.652
83.67,771.21,47.34,0.627,8.694,268.7,98.5,4.853
85.31,199.97,52.89,0.578,7.934,592.82,98.391,6.727
84.66,505.88,34.75,0.874,10.043,436.35,99.095,4.95
114.46,297.79,16.55,0.701,8.458,518.65,96.465,6.579
102.84,295.31,44.81,0.69,7.926,518.42,98.274,4.963
96.47,383.48,20.3,0.516,9.943,487.24,97.966,5.74
78.56,799.16,32.06,0.423,9.973,256.59,98.931,5.637
109.43,138.48,13.25,0.873,8.273,618.81,97.275,4.882
117.3,504.98,51.27,0.557,6.191,382.82,96.341,5.096
109.27,157.8,16.3,0.621,8.491,592.53,97.241,6.005
60.09,208.16,55.15,0.457,10.235,613.22,95.826,6.953
98.18,407.69,53.21,0.818,7.698,478.39,97.76,5.136
63.07,457.32,33.23,0.414,11.173,465.56,97.306,6.067
75.46,281.15,47.22,0.817,9.113,565.25,97.765,4.109
63.57,321.52,40.97,0.47,10.83,552.44,97.812,6.413
96.23,160.88,50.15,0.843,7.593,615.42,98.057,5.172
101.2,312.25,31.59,0.765,8.647,526.25,98.827,4.856
66.87,776.59,49.29,0.482,10.068,285.91,97.314,5.55
83.03,761.3,33.12,0.683,10.351,279.18,99.055,4.519
87.37,334.41,57.05,0.556,8.966,514.52,96.955,5.409
82.14,499.6,34.32,0.489,10.131,428.07,98.335,6.099
67.26,736.72,33.13,0.83,10.591,315.67,97.971,3.483
85.14,104.33,49.25,0.602,9.509,649.65,98.343,5.358
105.07,667.48,51.08,0.599,7.85,313.62,97.315,6.161
64.26,763.86,37.72,0.485,11.126,281.77,97.546,5.853
64.81,163.93,18.99,0.592,12.572,645.29,97.773,5.931
81.29,213.01,33.39,0.836,9.858,599.74,98.433,4.014
116.5,772.52,58.4,0.582,5.188,252.33,95.336,5.076
100.11,476.28,47.65,0.876,7.567,430.69,98.845,4.505
100.72,109.94,50.56,0.873,8.368,621.16,97.958,4.333
81.72,280.34,11.64,0.472,10.426,549.48,97.155,6.074
95.62,414.96,33.39,0.489,8.827,460.33,99.205,5.937
60.61,585.04,42.33,0.831,11.298,413.0,97.287,3.501
98.17,613.21,51.5,0.596,7.545,333.72,97.738,6.56
114.8,796.8,12.46,0.402,8.136,229.13,96.362,6.833
96.75,301.26,52.62,0.537,7.819,529.65,97.539,5.867
112.42,476.75,37.42,0.699,7.12,409.16,97.6,5.905
103.44,473.33,19.87,0.8,8.403,428.05,98.112,4.884
67.23,383.95,25.86,0.467,11.554,503.59,97.469,5.101
114.15,218.41,24.1,0.455,8.229,545.22,97.433,7.664
63.99,784.22,36.54,0.861,11.66,286.71,97.942,4.393
92.04,697.32,12.58,0.776,9.917,306.66,98.012,3.19
68.53,448.83,17.93,0.695,11.329,480.14,97.766,4.135
60.7,522.27,50.63,0.785,10.734,436.29,96.513,2.56
85.32,259.08,16.63,0.614,11.154,556.07,98.259,5.723
77.7,480.65,21.67,0.779,11.192,463.03,98.533,4.893
89.16,586.48,32.67,0.586,9.691,381.44,99.082,5.734
94.63,460.62,35.86,0.522,9.149,423.06,98.733,6.996
62.62,793.2,48.18,0.765,10.979,277.97,96.752,4.288
67.38,527.94,32.37,0.61,11.222,430.75,98.193,6.012
93.52,359.68,49.49,0.891,8.576,505.83,97.816,4.747
80.59,640.51,40.92,0.575,9.461,339.21,98.595,5.321
103.75,219.32,15.65,0.861,8.61,579.49,97.001,4.724
99.14,369.16,17.82,0.866,9.727,498.11,97.803,3.98
110.74,342.87,31.85,0.521,8.2,490.85,97.755,6.631
101.55,402.26,29.84,0.799,8.176,479.96,99.079,4.865
85.8,647.25,47.18,0.617,9.291,346.86,98.63,5.327
100.38,438.92,39.04,0.859,8.948,454.58,98.607,5.087
76.52,655.81,29.41,0.625,10.594,359.72,98.849,4.959
78.38,503.54,18.54,0.772,10.707,443.86,98.424,3.965
107.34,339.45,21.34,0.633,8.585,488.04,97.879,5.572
86.79,666.99,38.78,0.514,9.052,334.16,98.442,6.313
107.9,266.8,31.17,0.5,7.712,526.63,98.166,6.192
109.35,257.07,35.75,0.613,7.822,542.08,98.136,6.153
111.45,453.15,18.53,0.778,7.749,433.93,97.079,5.773
115.0,282.59,43.15,0.703,6.276,508.43,97.516,5.948
85.86,106.36,52.63,0.744,8.731,650.72,98.038,5.108
79.13,553.81,22.9,0.541,10.678,403.23,98.547,5.764
94.93,457.77,34.58,0.641,9.006,438.13,99.027,5.082
82.27,411.86,58.78,0.422,9.356,478.67,97.131,6.272
96.06,776.88,26.66,0.809,9.266,271.07,98.812,4.194
102.34,499.84,39.75,0.895,8.333,415.41,98.729,4.313
101.3,704.4,14.51,0.603,8.961,298.2,97.52,6.175
82.47,197.62,40.3,0.405,9.816,608.16,98.497,7.065
70.01,498.44,14.48,0.485,11.61,444.36,97.48,6.669
85.83,707.59,57.96,0.726,8.482,312.88,96.636,5.454
68.56,508.17,45.78,0.706,10.395,433.22,98.034,5.024
113.41,602.61,49.41,0.794,7.109,350.93,96.932,5.514
80.75,360.43,45.21,0.527,8.914,511.66,98.19,5.598
69.27,164.71,39.49,0.782,9.806,648.52,98.276,3.955
61.53,420.53,32.5,0.744,11.591,499.45,97.085,4.605
98.75,376.14,52.92,0.561,7.81,467.37,97.397,5.56
98.21,706.94,57.84,0.673,7.514,285.6,96.813,5.076
80.44,270.8,34.95,0.474,10.452,565.07,98.706,6.882
64.3,776.71,56.58,0.626,10.39,284.75,95.991,5.458
84.58,770.7,39.17,0.841,13.744,363.32,96.764,9.258
78.67,273.34,36.92,0.611,9.113,563.31,99.286,5.312
100.63,343.64,32.72,0.82,8.465,501.96,98.233,4.91
96.35,726.89,20.46,0.695,9.889,289.4,98.599,4.493
81.88,776.64,10.19,0.496,10.933,264.2,97.443,5.799
73.07,410.41,22.08,0.691,11.269,491.75,98.273,4.904
119.28,324.7,35.49,0.653,7.048,485.92,96.99,6.129
87.24,468.27,29.0,0.599,9.345,439.7,98.85,5.725
101.3,581.44,32.42,0.46,8.662,359.75,98.402,6.268
68.43,291.43,59.03,0.608,10.411,561.35,96.111,5.064
89.14,615.53,27.51,0.436,9.555,361.77,98.44,6.175
61.65,136.16,32.61,0.449,11.121,655.63,97.365,5.591
90.33,134.51,16.68,0.608,10.096,636.11,97.695,6.195
117.84,370.4,12.4,0.553,7.229,477.17,95.987,7.118
83.05,347.43,48.77,0.863,9.311,527.52,97.986,4.535
62.34,320.94,38.53,0.588,11.443,556.66,97.548,5.267
61.86,443.71,48.04,0.779,11.554,488.71,96.795,3.714
83.28,324.51,17.49,0.665,10.585,536.39,98.264,5.722
69.6,234.58,38.59,0.752,10.891,598.02,98.561,4.965
61.4,316.63,22.68,0.53,11.768,562.6,97.512,5.84
105.37,782.43,21.4,0.871,8.619,259.4,97.424,4.971
87.51,387.78,10.58,0.665,10.06,486.31,97.188,5.359
77.35,411.3,16.52,0.816,11.153,496.6,97.844,4.113
114.0,503.58,25.46,0.583,7.659,396.39,97.714,6.081
66.97,788.34,15.84,0.45,12.105,275.91,96.462,5.07
117.36,269.12,59.29,0.737,5.619,521.26,95.111,5.988
78.84,576.9,25.43,0.404,10.576,386.85,98.517,6.524
113.3,601.19,16.52,0.638,8.168,351.29,97.046,6.094
96.18,525.13,19.95,0.496,9.324,406.75,98.414,7.341
109.6,162.0,39.39,0.714,7.509,595.48,98.232,5.553
119.04,573.81,13.2,0.89,8.1,362.78,96.277,3.3
77.3,144.87,53.12,0.632,9.654,647.61,97.656,5.849
117.67,517.3,58.07,0.809,5.877,387.74,95.609,5.067
83.37,617.71,22.34,0.654,10.27,354.09,98.771,4.76
83.13,247.68,32.5,0.648,9.846,583.24,98.269,5.726
80.42,689.14,11.11,0.865,10.985,325.25,97.91,4.121
92.48,121.25,42.04,0.845,8.609,632.13,98.212,4.185
69.25,690.67,30.7,0.793,11.976,323.12,97.943,3.786
93.22,422.23,23.5,0.548,9.166,466.07,98.57,6.892
92.5,252.31,20.34,0.673,9.673,547.42,98.693,5.202
105.71,193.64,42.7,0.512,7.406,569.38,97.234,6.882
110.02,767.32,30.81,0.622,7.746,258.5,98.109,4.389
86.43,150.87,18.98,0.642,10.197,629.6,98.6,4.984
78.14,239.37,44.46,0.816,9.882,581.2,98.809,4.507
75.56,343.48,38.25,0.848,9.613,529.51,98.477,4.694
71.68,534.16,52.93,0.607,10.216,413.97,97.198,4.575
63.46,481.36,15.87,0.409,12.505,451.04,96.413,6.372
80.55,187.95,49.28,0.831,8.844,615.38,98.11,4.25
76.21,302.81,43.68,0.487,8.958,541.82,97.995,6.775
117.99,267.13,15.75,0.711,7.596,523.01,96.225,5.218
93.46,249.48,44.74,0.412,8.313,544.02,98.61,7.36
80.84,387.8,32.08,0.6,11.141,503.91,98.886,5.304
94.83,592.82,57.25,0.893,8.036,374.94,97.519,4.057
68.35,252.22,17.08,0.45,11.09,588.89,97.272,6.447
86.64,356.68,42.14,0.612,8.869,516.95,98.977,5.579
97.57,373.64,29.1,0.554,8.884,477.78,99.037,6.495
89.33,783.52,57.84,0.853,8.318,264.87,96.821,3.91
84.11,768.27,26.5,0.835,9.671,265.49,98.652,3.839
119.63,660.1,58.11,0.519,5.626,327.47,95.137,6.441
112.82,269.16,55.07,0.441,6.066,522.88,96.342,7.382
97.4,147.63,23.52,0.714,8.804,622.87,98.422,5.63
94.16,321.83,50.18,0.568,8.232,507.49,98.36,5.658
97.24,286.76,59.78,0.736,7.762,545.1,97.434,5.067
72.08,454.15,22.63,0.416,11.563,477.29,98.0,5.963
83.71,644.41,31.84,0.467,10.081,343.33,98.883,6.21
62.37,700.83,36.01,0.743,11.234,328.92,97.872,3.791
88.53,691.4,24.75,0.506,10.118,312.42,98.155,6.428
92.58,351.77,10.76,0.829,10.428,489.63,97.548,4.863
73.66,581.06,21.01,0.429,11.239,388.37,98.232,5.855
117.84,318.98,24.1,0.508,7.275,498.96,96.87,6.99
114.57,142.63,32.18,0.899,7.297,601.17,97.482,5.072
103.33,591.1,18.56,0.617,9.02,355.84,97.894,5.689
92.0,106.88,53.66,0.751,9.158,648.65,97.811,4.86
112.2,386.43,45.25,0.491,7.03,465.51,97.165,6.363
67.84,330.57,14.26,0.705,11.827,530.04,97.612,5.224
107.43,585.36,42.5,0.763,7.176,360.99,98.005,5.436
67.49,636.37,42.68,0.557,10.437,385.0,97.454,5.266
107.65,312.87,57.81,0.814,7.612,502.18,96.573,5.337
76.55,668.14,10.15,0.702,11.42,341.07,97.331,3.17
112.63,305.74,22.4,0.595,8.411,522.6,97.55,7.043
116.64,412.43,56.39,0.679,5.902,454.22,96.035,5.769
68.93,608.91,56.61,0.688,9.966,378.39,96.404,4.71
87.76,585.04,46.03,0.483,9.139,375.5,98.909,6.113
118.86,791.16,48.29,0.601,6.029,232.3,96.7,6.676
89.0,257.61,14.57,0.572,10.066,553.25,98.217,5.562
111.81,563.62,35.69,0.6,8.114,364.27,98.058,6.807
95.32,526.78,21.58,0.781,9.923,403.0,98.835,4.895
82.52,740.57,19.06,0.641,10.954,294.81,98.027,5.374
77.15,209.45,50.52,0.87,9.878,599.63,97.845,3.948
72.19,626.26,16.75,0.547,11.735,356.42,97.923,4.882
105.71,497.79,33.43,0.608,8.861,407.35,98.918,6.435
83.19,292.27,56.93,0.793,8.754,564.13,97.044,4.766
90.68,432.1,19.29,0.673,10.214,461.72,98.495,6.024
89.54,333.64,58.9,0.674,7.514,515.13,96.966,5.319
94.64,505.52,59.71,0.427,7.241,416.83,96.564,6.618
111.93,722.3,37.78,0.599,6.856,275.36,97.977,6.615
118.84,498.51,18.51,0.535,8.237,407.63,96.91,7.622
84.46,542.21,25.81,0.9,9.202,409.61,99.052,3.754
109.65,463.12,31.22,0.554,7.672,427.54,98.024,6.028
105.87,135.82,25.47,0.842,7.312,608.02,98.529,5.333
94.41,263.0,24.03,0.738,9.134,557.62,98.634,5.07
117.36,444.4,58.61,0.57,5.655,427.0,95.551,6.78
72.03,317.16,17.67,0.672,12.11,545.39,98.08,4.963
66.56,227.23,46.67,0.82,10.747,602.23,96.969,4.964
111.24,452.89,10.02,0.842,8.519,426.66,96.775,4.372
86.35,325.97,39.81,0.48,9.672,523.92,98.339,6.76
110.82,280.68,55.8,0.57,6.523,527.48,96.871,6.273
113.59,424.79,24.4,0.568,7.879,438.46,97.366,6.3
63.75,193.3,19.28,0.421,11.582,623.17,96.602,6.349
113.01,749.42,42.58,0.699,6.644,262.29,97.846,5.685
86.9,707.39,45.63,0.827,8.685,313.21,98.768,4.525
90.63,595.33,44.4,0.591,8.726,365.84,98.327,5.951
97.6,174.35,25.97,0.77,9.156,600.63,98.395,5.103
115.58,643.11,22.61,0.714,8.455,341.03,97.27,5.456
61.15,665.57,57.8,0.588,10.549,357.81,95.355,5.479
88.61,637.44,56.16,0.471,7.161,348.37,97.071,6.776
101.26,179.78,32.87,0.755,8.587,596.5,98.812,3.972
103.36,550.74,52.31,0.827,6.784,382.74,97.327,4.417
101.55,684.03,32.62,0.743,8.082,320.72,98.884,4.777
68.07,504.15,31.22,0.409,10.792,435.41,98.434,6.738
77.96,552.49,17.84,0.508,10.758,410.78,97.897,5.925
81.52,420.85,31.32,0.435,9.493,469.4,98.817,6.961
108.27,470.1,36.87,0.685,7.782,414.41,98.871,5.045
76.73,124.06,11.13,0.778,10.975,655.79,96.885,4.871
72.64,547.27,32.21,0.455,10.858,400.64,98.725,6.624
117.45,157.01,49.07,0.819,7.291,592.9,97.054,4.54
60.53,404.51,44.0,0.678,10.629,498.45,97.349,5.996
119.87,304.86,41.76,0.745,6.432,500.21,97.338,6.218
100.61,481.8,55.48,0.886,6.434,415.84,97.486,4.217
109.71,193.39,10.9,0.442,8.69,592.23,96.407,6.936
77.68,584.15,37.85,0.851,10.405,378.23,99.132,3.778
60.86,656.51,49.37,0.463,11.09,358.39,96.953,5.824
104.27,214.35,37.07,0.596,8.015,576.28,98.823,6.513
110.05,173.02,26.19,0.826,8.49,596.55,98.101,5.824
104.43,201.86,16.81,0.853,10.079,585.87,97.627,4.53
68.57,713.99,54.38,0.653,10.676,319.43,96.966,5.02
105.21,469.73,33.54,0.697,7.907,436.43,98.81,4.806
106.14,427.08,53.91,0.754,6.46,456.91,97.519,4.964
99.51,174.7,39.29,0.816,8.157,600.75,98.652,5.106
105.97,554.69,43.71,0.461,7.097,374.68,98.124,7.146
110.76,707.6,50.21,0.805,7.051,287.55,96.898,4.301
96.82,679.73,42.96,0.641,7.827,307.84,98.917,5.192
65.32,538.24,29.9,0.625,11.438,435.14,97.586,5.746
89.26,152.7,35.68,0.612,9.594,629.46,99.221,6.542
64.66,178.68,50.15,0.655,10.476,625.84,96.685,5.291
84.45,134.52,28.68,0.873,9.693,638.71,99.322,3.201
84.43,280.24,29.41,0.674,10.448,552.35,99.029,6.619
63.96,194.96,14.78,0.877,11.655,628.53,96.527,3.815
80.93,282.03,55.73,0.49,8.755,553.11,97.548,6.239
66.66,369.54,14.55,0.762,12.152,530.95,96.763,4.13
108.49,760.09,42.41,0.806,7.448,256.88,98.319,4.761
116.86,527.26,30.66,0.74,7.412,376.08,97.43,5.566
64.34,684.48,30.28,0.703,11.794,353.68,97.257,4.857
117.31,597.25,43.98,0.682,6.607,338.86,96.797,5.191
91.35,178.75,13.35,0.83,10.126,596.16,97.755,4.509
77.97,615.14,39.69,0.811,9.858,368.87,99.151,5.095
64.61,292.57,48.6,0.461,10.295,561.07,97.343,6.345
90.04,547.38,51.41,0.824,8.789,412.17,98.628,4.221
107.67,338.67,18.53,0.607,8.383,501.72,98.161,5.702
102.43,798.37,54.87,0.527,7.559,250.49,97.048,6.342
63.01,284.49,42.81,0.835,11.077,584.12,97.452,4.482
64.37,295.39,54.09,0.616,10.122,573.01,96.429,5.733
84.17,751.47,34.26,0.804,10.042,283.99,98.843,3.977
77.72,117.25,37.1,0.532,9.796,649.08,98.11,6.428
73.94,587.68,55.95,0.402,9.663,376.16,96.95,7.315
76.86,607.73,55.0,0.648,9.381,373.09,96.971,5.579
108.21,685.47,32.41,0.45,7.619,303.01,98.181,6.386
115.75,782.11,23.72,0.777,7.998,244.66,98.041,3.597
84.31,782.92,29.66,0.538,10.153,276.73,98.716,5.823
114.37,145.69,29.39,0.622,8.031,585.31,97.751,6.81
79.29,675.29,24.34,0.444,10.959,333.97,98.731,5.705
88.59,552.42,23.43,0.543,10.101,382.7,98.743,5.955
73.56,553.14,53.05,0.791,9.249,412.69,97.575,4.042
98.43,189.84,13.49,0.476,10.573,590.89,97.467,6.976
118.74,555.13,43.88,0.724,5.962,363.56,96.883,5.206
96.21,787.74,18.64,0.859,10.009,263.8,98.082,4.629
81.47,738.27,27.23,0.74,10.516,290.45,99.075,4.526
98.87,407.39,13.08,0.806,9.209,455.83,97.152,4.297
67.38,127.96,23.5,0.454,11.522,659.37,97.94,6.951
113.32,353.61,48.42,0.525,6.639,492.34,96.665,6.128
90.19,678.47,54.25,0.847,8.849,318.15,98.111,4.684
86.96,591.05,21.08,0.758,9.931,386.51,98.489,5.098
95.15,421.54,33.18,0.72,8.84,463.68,98.612,5.858
97.49,138.57,33.52,0.732,7.81,609.23,99.094,5.341
64.31,398.83,53.68,0.607,11.048,496.89,96.87,4.997
100.96,428.32,48.14,0.422,7.215,447.73,97.836,7.099
74.52,749.99,35.65,0.792,10.624,295.55,98.866,3.945
102.84,548.76,43.54,0.739,7.777,374.2,97.688,4.745
109.35,318.16,52.37,0.636,6.785,490.98,96.695,5.774
108.24,467.72,10.48,0.85,9.396,419.96,97.23,4.415
93.15,146.24,30.14,0.568,9.88,618.84,98.846,5.723
91.21,780.8,55.36,0.547,8.2,261.45,96.963,6.099
68.57,352.04,47.02,0.836,10.676,528.86,97.535,3.975
106.52,434.51,37.14,0.798,7.992,447.57,98.167,4.751
76.28,348.7,36.48,0.657,10.677,531.35,98.618,4.677
89.8,577.76,27.39,0.465,9.401,378.8,98.702,5.846
77.06,563.56,36.03,0.508,10.617,395.95,98.692,6.9
68.03,600.73,42.77,0.728,11.082,396.26,97.906,4.078
97.77,287.7,30.92,0.593,9.243,525.48,99.231,6.418
63.26,320.97,45.71,0.818,10.635,554.19,97.473,4.116
104.92,187.68,53.06,0.875,7.149,585.26,97.594,3.273
79.06,558.86,17.73,0.803,14.842,450.79,94.403,9.932
60.01,127.86,32.58,0.589,11.199,662.76,97.166,5.882
90.67,518.38,30.4,0.794,10.103,398.26,98.679,4.145
62.81,708.79,44.37,0.576,10.924,343.97,97.629,5.079
76.57,723.58,22.49,0.484,11.008,298.3,98.28,5.332
102.42,414.33,42.01,0.417,7.6,466.5,98.364,8.047
63.76,421.51,53.87,0.593,9.852,493.49,96.317,4.843
110.36,153.88,30.91,0.852,7.64,603.59,98.02,4.681
60.23,569.54,55.55,0.519,10.648,406.2,96.14,5.153
74.81,674.88,59.66,0.503,9.453,337.22,96.815,5.842
104.45,271.26,15.3,0.885,9.209,546.14,97.936,5.194
78.98,394.91,21.65,0.413,10.862,494.32,98.496,7.604
66.11,687.19,57.52,0.793,9.938,348.58,96.524,3.678
81.61,713.98,57.92,0.561,8.942,305.25,97.131,5.743
76.22,270.23,14.89,0.419,11.877,559.17,97.45,6.783
110.56,485.4,10.75,0.859,9.157,401.98,97.064,4.082
78.8,234.75,18.06,0.47,11.258,585.57,97.868,7.734
107.34,171.32,59.8,0.676,6.743,597.94,96.361,6.601
113.51,737.78,19.0,0.537,7.529,278.28,96.938,6.405
86.03,674.36,35.13,0.433,9.073,326.45,98.685,7.242
114.6,632.02,52.42,0.425,6.521,314.61,96.42,7.716
82.64,134.14,11.02,0.458,10.971,620.36,97.063,6.813
117.84,690.61,40.22,0.436,6.868,293.82,97.351,7.215
65.36,406.63,23.85,0.78,12.483,489.46,97.242,4.975
101.22,339.68,53.12,0.643,7.73,498.61,97.577,5.355
89.63,482.53,24.17,0.571,10.296,429.86,98.757,6.718
83.26,163.95,44.34,0.609,9.343,618.81,98.04,5.734
97.96,629.65,43.71,0.864,7.914,346.9,98.517,4.905
102.23,507.7,21.07,0.855,9.001,411.67,98.408,4.402
60.26,230.61,11.74,0.758,12.498,590.71,96.045,4.596
70.02,231.76,30.46,0.842,11.752,600.38,98.286,4.097
102.78,228.97,24.46,0.56,9.038,542.05,98.571,6.202
99.98,139.9,50.45,0.591,7.864,619.34,97.843,6.181
117.96,511.46,50.02,0.707,6.768,385.4,96.527,6.296
105.66,688.24,32.85,0.712,7.31,286.33,98.58,3.997
117.05,112.25,40.33,0.641,7.048,603.75,97.578,5.764
102.15,134.3,40.21,0.6,7.473,609.77,98.31,5.944
77.88,500.94,51.36,0.893,9.466,448.97,97.804,3.159
66.32,673.65,31.25,0.811,11.25,351.88,97.834,4.544
106.91,328.72,23.77,0.617,8.709,503.64,98.005,6.733
98.65,344.73,23.25,0.764,9.266,513.11,99.017,5.342
62.89,517.44,36.81,0.535,11.827,437.01,97.728,5.213
81.6,291.95,32.46,0.45,9.743,551.47,98.46,7.307
117.41,118.63,32.01,0.576,7.464,610.5,97.203,5.978
90.02,614.66,14.56,0.601,10.316,347.05,98.028,6.648
85.96,537.95,45.93,0.408,8.295,412.52,98.146,6.389
87.46,506.53,20.69,0.807,9.843,413.63,98.378,4.267
72.53,619.18,19.85,0.58,11.319,378.35,98.25,5.139
82.12,572.66,30.64,0.69,14.636,497.44,94.318,12.103
82.19,244.12,21.39,0.437,10.672,576.48,98.651,7.74
63.14,346.74,39.19,0.487,10.668,549.59,97.877,6.386
106.05,188.28,28.57,0.845,8.284,582.95,98.26,5.471
84.99,190.9,32.45,0.704,10.597,602.0,98.74,4.671
109.33,573.34,36.86,0.875,7.718,372.26,98.194,4.453
111.02,701.02,20.18,0.899,8.248,292.65,97.356,4.384
72.72,773.91,17.79,0.586,11.666,297.17,97.714,5.3
99.44,539.84,54.02,0.549,7.814,390.76,97.412,5.572
88.34,228.87,31.69,0.829,9.415,578.78,99.204,5.101
112.81,173.96,30.6,0.899,7.916,581.77,98.425,4.747
72.94,669.0,11.78,0.715,11.658,337.42,97.318,4.023
100.67,505.13,34.9,0.798,8.729,407.39,98.967,3.795
96.47,532.8,37.71,0.791,8.703,398.13,98.336,4.955
77.72,647.02,37.94,0.578,10.252,346.29,98.799,6.667
68.2,592.29,45.35,0.687,10.179,387.42,98.279,4.141
99.1,684.12,18.87,0.817,9.045,330.85,97.372,4.484
104.32,139.35,22.61,0.744,9.126,603.67,98.473,6.038
78.94,623.26,50.54,0.411,9.25,360.38,97.79,5.857
98.69,695.6,57.36,0.568,7.521,307.78,96.812,5.628
83.71,300.29,16.8,0.472,10.483,543.91,98.263,6.11
102.79,548.31,34.88,0.516,8.547,380.07,99.085,6.901
71.95,319.91,20.71,0.853,11.221,546.05,98.246,4.665
113.41,770.58,13.0,0.418,8.348,248.5,96.403,7.067
77.24,123.4,26.28,0.51,10.974,649.41,98.215,5.941
82.07,505.85,17.18,0.555,11.211,423.64,98.102,5.585
63.49,216.55,45.5,0.708,10.649,601.06,97.591,4.487
66.69,598.55,36.69,0.667,11.814,386.4,97.878,4.244
90.95,223.12,17.19,0.509,10.142,566.11,98.058,6.49
76.06,264.77,10.46,0.482,11.12,562.23,97.813,6.651
110.13,446.06,50.41,0.518,6.972,430.49,97.505,6.891
60.88,740.38,18.81,0.651,12.231,316.64,97.074,4.566
82.75,248.2,40.31,0.536,9.699,584.96,98.306,6.222
80.24,200.97,26.85,0.874,10.483,602.76,98.619,4.12
61.16,631.28,39.27,0.632,11.363,382.12,97.38,4.152
67.46,450.43,25.78,0.429,11.078,471.98,97.47,6.402
84.82,738.25,14.35,0.765,11.123,305.98,98.407,4.079
89.57,202.63,21.15,0.564,9.484,594.09,98.94,5.529
84.26,552.15,19.4,0.727,10.064,392.68,98.244,4.958
91.86,263.02,31.4,0.54,9.39,538.64,99.471,6.029
95.71,209.73,42.91,0.685,9.044,583.54,98.678,5.706
60.6,578.4,23.19,0.786,12.088,405.76,97.882,4.341
87.85,515.58,10.6,0.864,10.982,412.79,97.587,3.582
117.81,628.38,35.95,0.531,7.366,311.68,97.465,6.59
91.14,316.62,40.29,0.567,9.19,524.83,99.25,5.196
100.65,413.58,58.14,0.632,7.106,472.42,97.28,6.573
78.71,383.83,39.47,0.864,9.552,501.33,98.959,3.329
106.44,788.86,33.56,0.851,7.179,254.28,98.479,3.978
106.38,304.57,38.67,0.445,7.585,510.65,98.389,7.822
91.28,306.37,56.4,0.386,8.489,516.83,97.097,6.606
118.56,348.18,51.42,0.568,5.689,484.16,96.32,5.538
67.53,495.22,26.15,0.373,11.706,435.52,97.473,6.492
61.02,276.63,21.86,0.493,11.817,579.18,96.421,5.852
106.21,740.7,23.13,0.394,8.531,266.35,98.058,6.222
108.43,285.98,35.22,0.638,8.063,532.21,98.676,5.312
67.21,727.07,47.2,0.795,10.262,311.68,97.913,3.151
75.93,172.43,35.16,0.818,10.505,631.75,98.762,3.853
61.05,559.59,13.39,0.508,12.457,409.68,96.659,4.189
77.6,734.89,46.18,0.62,9.975,298.66,98.138,4.529
106.39,218.12,50.3,0.748,7.317,538.22,97.064,5.833
91.08,777.83,24.47,0.379,9.65,278.26,98.017,5.843
80.89,417.02,43.21,0.665,10.216,485.52,98.3,4.44
82.3,762.0,31.33,0.524,10.295,275.07,99.13,4.666
60.08,573.77,54.46,0.423,10.345,398.49,95.808,5.915
77.99,311.11,52.26,0.521,9.294,537.52,97.849,6.242
98.79,231.81,36.27,0.358,8.384,566.02,99.195,7.706
118.45,312.61,44.58,0.668,6.552,484.92,96.622,4.946
110.82,165.11,54.17,0.446,7.593,584.66,96.837,7.143
61.42,200.71,34.79,0.476,11.663,636.09,97.592,6.41
113.91,173.26,25.66,0.381,6.928,567.38,97.274,7.597
106.99,396.06,47.68,0.752,7.089,468.21,98.252,4.989
106.82,656.9,21.0,0.567,7.825,336.3,97.859,5.363
87.48,198.97,29.43,0.606,9.604,601.38,98.865,5.544
83.88,191.22,53.29,0.605,8.036,605.73,98.451,5.996
78.17,550.4,46.22,0.525,9.268,409.32,98.441,5.546
63.94,238.03,30.19,0.416,10.916,593.26,97.905,5.439
73.69,168.33,20.74,0.693,11.453,641.38,98.498,4.442
74.8,216.79,27.8,0.384,10.766,592.73,98.211,7.103
89.04,746.61,24.21,0.372,9.923,265.14,99.034,6.485
104.85,675.03,18.8,0.675,8.857,309.45,97.802,4.951
88.43,347.85,47.17,0.424,8.161,499.84,98.223,6.117
63.47,559.07,22.6,0.473,12.164,411.4,97.183,5.984
117.47,476.09,32.71,0.558,7.927,406.43,97.223,6.879
116.56,573.99,29.29,0.545,7.561,364.57,97.709,6.641
107.11,577.87,59.1,0.674,6.532,370.15,96.496,5.76
119.48,540.11,29.55,0.632,6.606,374.71,97.028,5.4
92.67,286.27,14.0,0.642,9.74,542.07,98.096,4.984
117.77,127.3,14.49,0.677,8.262,594.96,96.322,5.608
64.54,418.9,39.54,0.466,11.453,475.51,97.561,5.613
81.94,723.68,39.97,0.481,9.719,303.31,98.764,6.264
73.52,498.65,30.94,0.539,11.077,445.99,98.629,5.841
71.75,682.67,31.59,0.474,11.13,334.1,98.466,5.699
68.45,794.14,12.7,0.812,12.36,276.69,96.829,2.504
97.34,214.53,35.83,0.727,8.4,582.68,99.199,4.046
106.88,584.24,35.24,0.402,7.902,355.16,98.228,6.78
94.7,572.01,17.48,0.323,9.332,386.37,97.874,7.345
68.82,785.97,15.19,0.341,11.868,285.76,96.591,6.022
108.67,789.92,16.18,0.442,8.787,248.1,97.62,7.209
98.16,580.68,15.05,0.377,10.204,371.81,97.758,6.098
83.29,270.53,40.49,0.587,8.989,549.76,98.879,4.791
100.45,658.99,19.82,0.749,9.414,332.43,98.62,4.044
75.59,174.92,22.57,0.688,11.647,628.0,98.192,4.376
80.71,646.49,18.68,0.428,11.065,351.13,97.719,6.184
115.05,737.14,57.89,0.52,6.415,269.52,95.828,5.755
77.43,367.98,52.73,0.574,9.6,514.39,97.752,4.483
88.2,541.44,21.52,0.725,10.629,426.11,98.583,4.838
113.41,401.1,26.38,0.74,7.419,457.23,98.234,4.07
102.46,406.44,20.49,0.775,8.48,474.43,97.53,3.978
63.73,317.26,34.59,0.575,11.366,550.58,98.062,4.218
68.84,633.49,10.98,0.667,11.304,376.01,96.909,4.364
60.47,755.32,43.57,0.376,11.613,309.14,97.137,5.812
97.86,758.53,36.16,0.603,9.057,273.72,97.859,6.061
86.86,222.35,54.93,0.444,8.289,593.93,97.959,6.826
68.06,712.32,18.22,0.536,11.681,315.57,97.068,5.674
117.48,616.2,50.21,0.637,6.278,328.71,96.413,5.575
91.78,276.99,49.6,0.448,8.357,546.11,98.112,5.899
74.51,147.1,16.36,0.346,11.4,642.28,97.691,6.851
90.04,287.6,29.93,0.325,9.646,539.29,99.048,7.379
100.78,738.55,18.51,0.331,9.067,284.22,98.239,7.162
64.57,543.23,22.74,0.324,12.196,413.4,97.556,6.087
76.48,604.74,23.16,0.375,11.038,363.86,98.34,6.438
108.42,280.01,37.81,0.44,7.349,526.9,98.273,6.303
87.58,603.57,30.57,0.431,10.152,363.5,98.59,5.563
92.79,119.69,57.39,0.813,7.432,643.49,97.17,3.818
85.97,362.72,16.32,0.473,10.436,502.52,98.325,6.051
62.63,538.73,58.68,0.384,10.581,421.65,95.935,5.343
69.94,202.27,21.53,0.593,11.24,613.22,98.054,4.948
86.73,676.1,48.64,0.749,9.002,330.53,98.258,4.536
72.55,264.52,26.95,0.659,11.288,574.24,98.644,4.238
63.0,556.6,17.15,0.468,11.923,413.81,96.404,5.163
110.62,383.64,52.89,0.601,6.681,464.44,97.268,5.78
118.87,517.23,25.44,0.677,7.383,393.61,97.057,5.439
107.59,175.22,42.94,0.684,7.254,590.14,98.617,5.143
111.23,111.84,38.32,0.653,8.326,637.12,97.55,6.107
74.52,736.7,33.59,0.755,10.304,308.51,99.211,4.036
117.64,288.74,34.79,0.755,7.502,511.47,97.372,5.624
71.82,673.77,46.61,0.609,9.974,364.07,97.83,4.585
117.09,799.55,14.39,0.535,7.664,232.82,96.456,5.596
119.69,248.0,43.41,0.641,6.512,541.78,96.657,5.48
102.7,285.62,54.79,0.729,7.547,538.04,97.322,5.067
118.87,564.0,12.89,0.323,8.335,358.81,95.693,7.208
94.17,775.81,17.03,0.816,10.508,272.93,98.074,3.447
75.57,741.07,45.83,0.411,10.988,288.09,98.277,5.598
86.22,452.01,31.86,0.555,9.8,456.56,98.714,5.12
95.61,656.58,30.18,0.756,8.828,322.55,98.766,4.339
64.38,195.02,16.85,0.433,12.342,619.6,96.435,5.311
97.34,784.21,35.34,0.558,8.531,250.16,98.716,5.484
118.87,775.05,16.33,0.386,8.184,241.36,96.719,7.143
71.41,214.61,33.83,0.518,10.256,606.3,98.108,5.338
107.56,309.6,48.18,0.409,8.08,512.12,97.369,7.871
114.47,170.11,22.91,0.502,8.213,582.29,97.451,6.637
116.62,290.2,34.04,0.507,6.471,506.35,97.365,5.741
117.61,671.17,59.6,0.817,5.597,303.59,96.076,4.161
91.29,364.82,44.33,0.817,9.076,510.2,98.731,4.108
118.64,161.88,52.07,0.377,6.513,585.88,96.197,7.691
105.44,339.56,30.74,0.683,7.748,490.15,98.809,5.063
69.7,786.97,48.39,0.346,10.417,262.39,97.791,5.546
88.61,540.78,12.03,0.335,9.655,390.85,97.584,6.193
103.1,391.31,16.15,0.373,9.045,475.05,97.602,6.628
74.84,216.58,20.15,0.803,11.715,614.1,98.777,3.705
98.44,790.32,30.1,0.79,8.661,248.81,98.895,3.388
100.0,674.59,52.29,0.417,6.932,314.63,97.497,5.977
69.76,297.03,27.31,0.401,11.256,570.65,97.86,6.543
93.91,149.05,42.73,0.44,8.265,617.21,98.131,7.432
106.3,139.64,45.47,0.578,7.672,619.12,98.232,6.417
89.93,184.26,39.31,0.605,8.691,609.84,98.229,6.158
60.73,506.54,27.86,0.431,11.593,438.44,97.218,6.13
60.54,750.13,38.85,0.698,10.639,309.48,97.312,4.207
81.42,447.72,27.11,0.475,10.365,459.62,99.395,5.683
115.57,690.06,14.19,0.781,8.239,297.23,96.11,4.525
73.72,412.12,59.64,0.648,8.863,498.31,96.303,4.482
98.06,596.01,16.36,0.538,9.6,363.73,97.935,5.547
73.32,612.31,13.62,0.715,12.102,354.99,97.311,4.119
79.3,221.77,53.93,0.729,9.116,584.49,97.508,4.867
110.88,352.85,25.09,0.465,8.146,464.29,97.803,6.805
103.73,546.11,42.51,0.49,7.856,383.31,97.92,6.028
65.72,149.49,26.45,0.788,11.198,654.65,97.969,3.985
85.72,353.08,29.57,0.402,10.631,509.31,98.166,6.684
61.75,474.36,23.11,0.341,11.843,453.75,97.04,6.568
88.85,797.36,27.15,0.547,9.985,261.23,98.705,4.458
99.75,432.17,30.54,0.721,9.041,459.99,99.151,4.22
67.11,671.24,46.02,0.706,10.51,340.42,98.198,4.51
77.33,402.45,35.58,0.78,10.535,483.65,98.734,3.955
83.87,657.47,57.18,0.587,8.73,340.26,97.72,4.808
115.17,516.79,12.09,0.37,7.75,398.86,96.15,6.955
119.6,720.62,35.15,0.614,6.75,286.07,96.885,5.373
62.69,387.66,39.21,0.709,11.016,522.18,98.128,4.41
105.66,523.01,56.01,0.367,6.696,384.6,96.973,6.356
82.3,541.01,12.46,0.406,10.417,411.26,97.499,6.199
83.55,392.17,38.67,0.326,9.955,482.05,98.962,6.965
105.26,201.02,52.68,0.617,7.795,569.34,97.473,5.921
115.11,165.49,22.1,0.763,8.331,569.91,97.386,5.188
117.06,111.67,53.81,0.655,6.674,613.29,95.814,6.075
94.63,711.47,10.95,0.811,10.012,299.27,97.483,3.549
81.43,265.53,46.62,0.352,9.03,561.02,98.471,6.303
107.25,248.05,56.66,0.772,6.531,531.74,96.779,6.017
75.06,615.22,42.86,0.727,10.352,376.76,98.721,3.893
93.84,324.01,31.95,0.477,9.153,496.84,99.036,6.118
81.51,454.23,12.24,0.807,11.102,470.89,97.383,4.194
99.4,213.76,56.01,0.464,7.929,576.02,96.819,7.308
74.42,771.82,33.51,0.765,10.786,285.24,98.634,3.376
71.5,696.11,11.45,0.76,11.625,337.76,96.832,3.192
115.09,704.65,44.49,0.699,6.529,279.29,97.449,4.303
66.11,384.74,34.09,0.602,11.484,514.21,97.756,5.644
90.36,633.65,16.22,0.38,10.515,349.84,97.84,5.894
73.25,200.71,20.71,0.586,11.525,586.12,98.324,5.255
62.34,106.03,13.22,0.498,13.284,672.21,96.298,5.182
62.16,113.98,38.71,0.716,11.984,675.59,97.355,3.628
70.51,510.62,41.1,0.699,10.714,437.42,98.234,4.079
112.01,418.78,35.29,0.775,7.196,461.85,98.477,4.221
76.95,462.61,50.86,0.327,8.9,443.49,97.806,6.286
117.03,105.22,53.05,0.725,6.072,612.48,96.521,6.411
94.9,395.88,40.78,0.789,8.931,465.68,98.674,4.499
86.2,602.65,10.64,0.715,11.541,383.73,97.804,4.819
94.81,409.89,44.76,0.385,8.484,463.18,99.172,7.108
91.0,612.55,30.9,0.361,9.775,350.87,98.649,6.513
105.53,263.11,38.28,0.33,7.669,534.39,97.932,7.165
76.95,669.2,42.45,0.634,10.185,346.12,98.576,4.708
81.18,511.9,27.51,0.635,10.674,429.14,99.073,4.907
113.65,247.53,55.85,0.813,5.592,565.41,96.362,4.38
116.79,265.7,16.7,0.519,7.836,528.46,96.349,6.541
113.55,539.62,43.58,0.486,7.287,372.07,97.425,5.983
85.17,680.96,10.22,0.632,10.999,322.18,97.559,4.663
106.82,390.94,56.23,0.733,6.408,467.07,96.765,4.701
88.58,280.81,15.63,0.788,9.421,540.52,98.348,3.646
89.85,706.91,14.74,0.722,10.169,309.79,98.387,3.105
72.28,568.49,26.65,0.533,11.04,407.14,98.349,4.728
95.47,413.66,28.68,0.637,8.79,462.48,98.897,6.093
71.17,441.53,20.72,0.748,11.576,472.35,98.194,3.858
79.89,242.98,39.26,0.565,10.042,591.14,98.494,5.871
111.3,538.76,32.15,0.428,7.909,365.92,97.678,5.575
72.42,351.12,11.71,0.405,10.824,505.75,96.832,5.684
64.27,796.95,25.98,0.32,11.154,263.97,97.317,5.411
64.14,436.13,50.52,0.679,10.449,475.4,96.754,4.191
116.45,440.12,44.49,0.376,6.826,428.89,97.59,8.367
90.42,496.1,46.24,0.442,8.807,419.34,99.115,6.411
84.56,741.73,44.91,0.469,9.343,287.8,98.435,6.504
108.65,660.57,25.55,0.6,8.081,324.81,98.126,5.304
110.15,415.79,14.98,0.519,8.488,443.11,97.064,6.876
79.93,603.09,23.62,0.657,10.354,382.46,98.921,5.608
101.62,510.36,51.59,0.348,7.727,413.23,97.986,6.9
106.27,444.66,59.02,0.382,6.318,430.18,95.81,6.639
99.28,234.62,34.69,0.57,8.858,568.3,98.951,5.194
69.1,424.76,10.49,0.488,12.202,483.41,96.143,5.392
112.55,272.07,17.0,0.468,8.292,532.29,97.621,6.732
92.35,740.39,26.1,0.354,9.175,268.4,98.859,7.521
76.95,334.78,38.93,0.768,9.61,520.89,98.49,3.47
85.51,766.58,13.75,0.666,10.436,275.44,97.789,4.498
62.25,473.14,57.17,0.381,10.168,455.3,95.774,5.1
67.67,542.08,28.25,0.353,10.356,412.74,98.049,6.003
105.93,480.06,55.63,0.807,6.931,421.18,97.383,4.47
60.0,190.57,49.03,0.661,11.341,638.8,96.342,4.822
84.99,363.07,47.77,0.529,9.221,501.42,98.91,5.979
91.35,169.4,40.34,0.671,8.702,603.35,99.4,5.351
63.28,536.07,41.34,0.698,11.123,428.75,97.316,4.351
118.38,412.81,41.9,0.71,6.449,439.45,97.167,5.238
73.57,644.59,41.44,0.559,10.294,349.24,98.864,4.469
78.25,254.33,37.69,0.535,10.656,560.86,99.085,4.695
78.24,215.2,59.32,0.326,9.284,592.4,96.586,6.643
73.82,384.43,46.61,0.783,10.231,504.82,98.404,3.845
60.09,748.61,48.85,0.622,10.764,318.48,97.592,4.87
103.76,597.3,53.62,0.422,7.468,340.35,97.307,6.418
118.01,393.25,20.78,0.78,7.103,453.86,96.819,4.71
73.46,462.09,14.19,0.777,11.57,479.83,97.53,4.055
99.78,158.95,34.14,0.815,8.812,601.61,98.987,4.334
104.51,789.2,35.7,0.757,8.401,248.9,98.465,4.684
110.91,566.49,51.46,0.819,7.092,360.4,97.324,5.248
85.36,299.78,32.19,0.442,9.837,527.6,98.543,7.369
78.18,510.07,38.54,0.741,9.987,444.9,98.592,4.175
79.52,176.64,36.35,0.732,10.28,621.81,99.119,4.713
102.76,776.09,11.91,0.435,8.957,254.32,96.684,6.976
109.01,222.35,40.76,0.369,7.038,540.89,98.229,7.187
70.9,553.62,51.4,0.81,10.05,419.12,96.94,3.866
82.26,271.82,17.88,0.468,10.759,567.36,97.608,5.518
114.12,602.29,39.72,0.755,6.405,355.08,97.585,4.512
108.4,643.77,39.68,0.322,7.647,324.96,98.114,7.69
119.09,571.39,18.21,0.331,7.994,340.65,96.848,6.988
105.25,530.15,16.17,0.553,8.93,393.09,97.635,5.713
83.59,724.73,59.0,0.439,9.468,304.81,96.882,5.044
95.44,155.04,29.69,0.665,8.831,598.91,99.119,6.287
99.66,331.64,21.37,0.603,9.019,499.33,98.123,6.196
64.71,273.8,18.57,0.359,11.869,581.04,97.051,6.482
92.67,791.61,43.38,0.401,8.531,259.81,98.254,6.428
102.56,372.57,40.47,0.514,7.818,468.16,98.501,6.312
70.04,612.83,42.18,0.413,9.873,381.64,97.961,6.523
106.84,579.31,14.4,0.716,8.753,365.65,97.163,4.521
95.03,248.46,54.68,0.528,7.807,564.75,97.622,6.37
117.13,267.3,29.46,0.367,7.782,515.44,97.361,7.934
62.55,296.9,25.67,0.562,12.786,572.24,97.744,5.709
75.92,387.79,33.12,0.365,10.938,503.66,98.082,5.328
96.09,264.03,29.5,0.384,8.667,542.9,98.761,6.571
77.79,113.76,53.18,0.44,8.995,652.47,97.329,5.814
102.87,715.58,56.46,0.75,7.133,288.07,97.382,4.438
105.54,775.93,25.17,0.782,9.271,271.01,98.619,3.153
66.15,339.1,53.2,0.733,10.226,541.43,97.076,3.082
90.83,336.95,49.08,0.487,7.919,505.04,98.031,7.162
90.53,104.96,56.54,0.456,7.891,637.18,97.629,6.797
82.16,576.18,22.29,0.595,10.818,389.15,98.087,5.08
115.98,677.81,38.85,0.681,7.284,306.83,97.015,5.258
109.65,202.63,23.73,0.817,8.231,562.98,97.652,4.683
101.83,211.77,51.2,0.386,7.706,583.46,97.634,7.529
102.86,653.06,10.27,0.345,8.476,322.57,97.143,6.54
87.7,531.4,38.24,0.667,9.337,413.23,98.103,4.833
115.26,131.4,26.96,0.736,8.02,604.45,98.024,5.391
101.68,535.78,26.13,0.743,12.979,462.29,94.731,9.363
103.74,316.24,42.25,0.659,7.476,512.49,97.926,5.962
111.7,358.11,52.57,0.797,5.952,492.78,97.013,4.391
76.44,638.81,40.46,0.576,10.694,357.56,98.889,5.466
108.42,667.65,52.66,0.777,6.662,321.53,97.423,4.417
71.71,380.25,23.23,0.804,11.463,510.91,98.521,4.567
80.72,763.01,35.98,0.744,10.232,288.0,98.536,3.389
80.14,384.52,32.53,0.475,10.734,490.11,98.68,5.347
118.71,640.29,10.58,0.418,8.062,323.47,95.409,6.292
111.39,438.71,37.84,0.594,7.183,429.46,98.491,5.811
102.07,728.27,43.08,0.547,7.938,280.22,98.578,6.325
103.62,735.43,39.6,0.759,8.496,279.13,99.429,5.1
93.72,161.19,46.81,0.37,8.228,603.03,98.2,5.858
116.83,755.55,38.57,0.449,6.502,258.15,97.119,6.533
89.78,677.87,13.34,0.696,9.768,322.87,97.817,2.856
82.83,653.92,15.82,0.367,10.228,350.02,98.3,6.715
69.78,240.64,39.82,0.48,10.94,583.26,98.005,6.352
107.17,663.58,23.75,0.514,8.289,314.92,98.11,5.898
104.07,695.09,13.98,0.631,8.946,295.02,97.518,5.16
83.06,302.41,31.48,0.399,9.638,541.88,98.856,6.521
61.51,766.58,37.72,0.75,11.476,301.58,97.342,3.09
110.34,134.9,26.44,0.544,7.942,603.84,97.932,6.545
60.69,204.94,46.02,0.779,10.992,635.87,97.013,3.742
102.22,476.31,42.19,0.554,8.443,418.47,98.43,6.23
118.22,503.05,26.64,0.458,7.987,395.54,97.435,6.579
86.26,551.61,47.74,0.391,8.209,387.82,98.837,5.918
74.1,111.88,42.43,0.322,10.202,656.21,97.963,6.191
102.29,772.26,41.87,0.586,7.612,249.25,98.343,4.345
109.03,131.21,37.67,0.374,7.431,599.93,97.823,7.984
92.79,200.14,10.57,0.516,10.351,587.26,97.45,5.851
118.02,109.81,44.83,0.615,6.44,626.08,96.797,6.252
63.1,496.8,28.8,0.458,11.765,450.3,97.597,6.43
90.29,752.59,57.13,0.408,8.336,290.27,97.59,5.846
103.11,566.16,50.9,0.707,7.56,377.43,97.009,4.458
111.76,675.86,39.38,0.793,7.093,304.96,98.14,4.253
70.76,109.3,22.61,0.37,11.093,673.93,97.726,6.619
108.0,479.41,20.19,0.398,7.918,416.52,97.853,7.758
93.16,421.69,27.02,0.8,9.118,463.36,98.708,4.944
83.79,449.28,33.83,0.339,10.516,457.08,99.204,7.024
67.9,150.55,24.8,0.809,11.277,647.71,98.261,4.599
111.92,579.1,35.75,0.322,6.903,336.29,98.009,7.156
69.44,452.25,18.27,0.757,11.911,482.11,97.844,4.065
78.59,635.6,58.89,0.474,8.891,364.15,96.618,5.463
77.4,439.7,15.4,0.789,11.221,489.0,97.659,3.247
112.28,204.57,56.6,0.478,6.919,566.25,96.477,7.292
